sale_id,date,client_id,product,quantity,unit_price,region
1,2025-09-13 10:41:26,148,Webcam,3,382.4,East
2,2025-10-04 20:32:47,136,Screen,1,745.12,North
3,2025-11-04 13:25:54,45,Mouse,1,955.44,North
4,2025-11-05 22:38:48,170,Mouse,4,1193.58,East
5,2025-11-05 07:46:11,83,Laptop,6,647.42,South
6,2025-09-22 01:44:51,26,Screen,6,943.53,South
7,2025-10-27 07:51:20,90,Mouse,4,914.04,West
8,2025-10-04 08:05:37,162,Keyboard,4,660.74,North
9,2025-09-28 20:09:40,141,Mouse,3,110.31,East
10,2025-09-30 17:46:12,111,Webcam,3,958.29,East
11,2025-10-22 05:31:09,46,Mouse,1,43.95,East
12,2025-10-13 21:49:07,4,Keyboard,4,796.89,West
13,2025-10-09 04:39:30,37,Webcam,2,31.16,South
14,2025-10-31 22:43:41,117,Screen,4,1411.89,North
15,2025-09-20 15:15:55,129,Keyboard,6,1424.53,East
16,2025-09-09 07:52:01,16,Keyboard,6,533.62,West
17,2025-09-10 08:18:27,8,Webcam,4,689.13,North
18,2025-08-29 15:38:04,81,Webcam,1,676.1,South
19,2025-11-01 11:16:45,174,Screen,6,300.3,North
20,2025-09-14 00:02:37,192,Webcam,5,594.36,South
21,2025-09-01 13:56:12,108,Keyboard,2,1110.81,North
22,2025-09-21 16:11:30,37,Keyboard,3,615.71,North
23,2025-08-25 15:33:00,134,Keyboard,5,331.19,North
24,2025-09-24 00:40:45,181,Keyboard,4,753.28,North
25,2025-09-05 07:07:55,74,Laptop,5,1405.07,West
26,2025-08-17 13:11:41,47,Webcam,6,545.98,East
27,2025-09-27 08:23:20,8,Keyboard,3,559.89,West
28,2025-09-16 17:10:35,102,Webcam,2,83.78,North
29,2025-08-27 03:56:54,177,Laptop,3,18.51,West
30,2025-11-02 14:45:03,21,Webcam,4,100.41,South
31,2025-10-14 00:05:16,52,Keyboard,5,60.09,South
32,2025-08-18 17:33:26,19,Mouse,1,908.64,East
33,2025-09-29 19:31:10,154,Laptop,6,75.93,South
34,2025-10-06 00:17:21,30,Webcam,4,280.88,North
35,2025-08-19 06:25:42,81,Keyboard,2,244.24,West
36,2025-11-10 20:11:13,67,Laptop,2,434.75,East
37,2025-10-09 22:15:49,71,Laptop,6,1090.29,West
38,2025-10-06 12:58:50,87,Mouse,4,124.5,North
39,2025-08-20 23:52:18,177,Screen,4,662.45,East
40,2025-09-26 02:21:59,3,Keyboard,6,1140.3,North
41,2025-09-15 15:07:08,20,Mouse,4,287.64,East
42,2025-10-12 20:06:18,160,Laptop,5,262.05,South
43,2025-09-30 08:19:15,88,Webcam,3,1320.91,South
44,2025-10-18 10:31:54,179,Keyboard,4,1277.85,East
45,2025-11-02 19:17:38,199,Mouse,5,410.36,South
46,2025-09-15 08:40:30,169,Laptop,4,214.73,West
47,2025-10-30 02:02:35,117,Webcam,5,430.1,East
48,2025-11-05 11:04:44,129,Mouse,3,814.84,South
49,2025-09-14 07:25:05,43,Keyboard,5,760.17,West
50,2025-10-19 06:37:48,54,Keyboard,1,1304.84,South
51,2025-09-20 09:02:55,35,Screen,5,906.57,South
52,2025-09-17 17:27:10,5,Keyboard,4,1093.99,North
53,2025-09-16 03:29:47,100,Webcam,5,1205.66,East
54,2025-09-17 19:02:44,61,Screen,5,129.57,South
55,2025-10-31 17:41:27,190,Webcam,1,1543.3,South
56,2025-08-17 13:05:44,102,Laptop,3,140.92,East
57,2025-10-20 21:52:03,106,Keyboard,3,997.12,West
58,2025-09-08 06:10:45,193,Webcam,2,520.22,South
59,2025-08-26 21:19:55,112,Webcam,3,1258.75,East
60,2025-09-29 19:19:56,179,Screen,4,1113.86,West
61,2025-09-18 14:01:22,122,Screen,3,1123.37,South
62,2025-09-26 20:16:52,104,Keyboard,3,1161.83,West
63,2025-11-13 05:38:13,197,Keyboard,2,799.93,South
64,2025-10-27 09:50:53,162,Laptop,4,1167.85,East
65,2025-11-07 12:52:41,133,Webcam,4,404.44,East
66,2025-08-21 14:36:22,173,Webcam,1,1119.09,West
67,2025-10-28 20:28:09,123,Screen,4,50.03,East
68,2025-11-02 16:35:50,120,Keyboard,4,376.37,North
69,2025-10-16 18:26:36,132,Screen,5,1462.75,South
70,2025-10-28 23:53:15,168,Webcam,2,66.26,North
71,2025-10-31 20:39:22,180,Keyboard,2,907.55,East
72,2025-10-05 09:57:34,134,Keyboard,3,402.88,North
73,2025-10-03 00:32:41,5,Webcam,4,409.98,West
74,2025-09-23 10:53:01,170,Webcam,2,119.89,East
75,2025-08-28 18:08:37,4,Mouse,5,905.37,South
76,2025-10-18 06:23:32,99,Mouse,4,1184.88,North
77,2025-11-09 23:26:57,55,Screen,3,993.96,East
78,2025-08-18 20:07:11,186,Webcam,2,819.86,West
79,2025-09-06 16:42:29,28,Mouse,1,1068.02,West
80,2025-08-27 07:33:13,161,Screen,2,1548.65,North
81,2025-10-08 03:54:29,132,Laptop,2,1177.18,West
82,2025-09-04 20:06:00,200,Screen,6,621.83,South
83,2025-09-17 06:24:01,182,Screen,6,1265.96,North
84,2025-10-23 23:02:21,85,Keyboard,1,473.58,West
85,2025-09-23 15:44:37,144,Screen,2,1064.54,North
86,2025-09-02 01:17:39,118,Mouse,4,1383.61,West
87,2025-09-06 17:34:13,93,Webcam,6,157.9,East
88,2025-10-20 16:33:35,196,Keyboard,4,770.18,North
89,2025-11-09 14:34:00,98,Keyboard,4,49.31,North
90,2025-10-11 22:41:07,45,Keyboard,2,507.1,South
91,2025-10-01 07:44:12,96,Keyboard,3,1020.68,North
92,2025-10-28 05:54:07,50,Keyboard,3,1313.82,East
93,2025-10-26 05:25:23,106,Mouse,1,1107.5,North
94,2025-08-22 23:47:12,103,Keyboard,2,371.7,South
95,2025-08-26 10:52:58,103,Screen,1,1310.24,North
96,2025-10-04 10:30:23,73,Webcam,2,1247.12,West
97,2025-10-19 14:24:14,173,Laptop,2,948.98,North
98,2025-11-10 19:23:28,133,Laptop,2,1553.06,South
99,2025-08-18 05:01:36,141,Mouse,5,1072.41,East
100,2025-10-14 14:27:06,31,Mouse,5,361.5,West
101,2025-09-20 00:40:05,186,Webcam,5,457.32,North
102,2025-09-09 01:31:53,98,Mouse,6,1088.3,East
103,2025-10-24 18:08:53,171,Mouse,1,1512.45,North
104,2025-10-17 17:45:18,179,Mouse,5,1540.71,West
105,2025-08-20 06:35:28,145,Mouse,2,320.57,West
106,2025-10-22 14:04:54,182,Mouse,3,1491.11,East
107,2025-10-14 16:11:36,162,Laptop,2,643.85,North
108,2025-09-02 08:34:45,169,Keyboard,6,1015.21,West
109,2025-10-07 09:03:44,15,Mouse,5,58.55,West
110,2025-10-27 11:43:33,173,Webcam,6,666.85,North
111,2025-10-25 08:44:30,134,Screen,5,188.35,East
112,2025-10-26 09:35:24,78,Webcam,5,1199.87,West
113,2025-10-01 03:19:46,3,Webcam,5,1243.41,West
114,2025-08-20 00:40:22,32,Keyboard,4,38.29,West
115,2025-08-25 17:10:44,45,Keyboard,2,123.29,South
116,2025-09-11 12:23:45,172,Laptop,4,1112.09,North
117,2025-11-05 05:53:52,49,Laptop,2,1462.8,East
118,2025-09-13 16:48:40,70,Screen,3,598.91,West
119,2025-09-01 14:13:27,115,Webcam,3,110.08,East
120,2025-11-06 23:01:00,181,Webcam,1,701.51,North
121,2025-08-20 14:24:58,67,Screen,2,875.89,North
122,2025-10-29 01:36:58,10,Laptop,2,677.09,East
123,2025-08-22 14:48:59,176,Keyboard,5,1591.46,South
124,2025-08-28 02:44:55,139,Screen,3,1365.86,West
125,2025-11-01 09:48:13,84,Laptop,5,1376.57,South
126,2025-10-01 19:22:14,34,Screen,4,785.41,North
127,2025-10-13 16:59:31,9,Laptop,6,680.77,East
128,2025-11-05 01:17:31,80,Keyboard,3,475.22,South
129,2025-09-21 06:44:06,30,Keyboard,5,25.27,West
130,2025-10-01 09:38:52,179,Webcam,6,329.63,East
131,2025-08-27 04:41:40,121,Laptop,3,708.81,North
132,2025-10-26 21:47:12,195,Webcam,4,1405.76,East
133,2025-09-10 06:02:14,183,Mouse,2,79.96,South
134,2025-11-01 16:12:10,27,Laptop,1,740.32,South
135,2025-09-29 17:52:20,158,Keyboard,4,636.87,North
136,2025-10-12 05:05:55,170,Screen,4,125.8,East
137,2025-10-04 11:37:03,154,Screen,3,392.52,South
138,2025-09-20 09:59:20,27,Screen,4,1039.34,North
139,2025-09-15 06:55:08,40,Keyboard,2,469.52,West
140,2025-09-21 07:00:11,187,Mouse,5,906.14,North
141,2025-10-28 02:06:11,97,Mouse,1,293.12,North
142,2025-08-16 02:33:39,91,Keyboard,4,1214.2,West
143,2025-08-24 17:39:21,158,Webcam,1,611.83,South
144,2025-11-08 11:19:59,88,Webcam,1,150.4,West
145,2025-10-14 16:20:35,69,Webcam,4,1013.61,West
146,2025-10-19 16:20:36,76,Keyboard,5,105.28,East
147,2025-10-20 12:15:40,6,Screen,4,992.03,North
148,2025-08-23 09:55:44,104,Mouse,6,692.99,East
149,2025-08-24 04:25:13,37,Mouse,6,438.29,South
150,2025-10-02 20:03:07,123,Webcam,6,1141.69,East
151,2025-10-04 19:40:08,68,Laptop,5,885.9,North
152,2025-10-27 23:35:58,131,Screen,5,1177.26,South
153,2025-08-22 05:21:50,129,Keyboard,6,1071.05,South
154,2025-09-12 06:05:01,57,Screen,2,850.05,East
155,2025-08-24 22:18:34,195,Laptop,3,535.28,West
156,2025-10-29 16:18:19,63,Mouse,1,45.95,North
157,2025-09-06 04:13:12,94,Screen,6,1527.11,North
158,2025-10-21 10:21:00,86,Keyboard,6,926.57,West
159,2025-09-06 21:37:01,107,Screen,4,991.66,North
160,2025-10-05 08:19:24,184,Webcam,1,132.06,West
161,2025-10-31 04:26:16,140,Mouse,5,1596.39,North
162,2025-10-22 01:19:53,7,Screen,2,1476.36,South
163,2025-08-19 22:38:23,141,Keyboard,4,30.9,South
164,2025-10-09 02:02:47,79,Mouse,1,1578.69,West
165,2025-09-03 18:47:13,108,Keyboard,3,1236.34,West
166,2025-10-19 16:34:53,161,Webcam,1,1523.9,West
167,2025-09-14 22:23:52,77,Webcam,1,494.39,North
168,2025-10-12 23:17:24,99,Screen,2,930.44,East
169,2025-08-18 21:36:28,181,Webcam,1,651.06,West
170,2025-10-15 22:02:16,169,Mouse,4,213.39,South
171,2025-10-31 20:10:59,188,Webcam,1,1203.26,North
172,2025-08-29 03:52:07,126,Laptop,4,1585.05,West
173,2025-08-31 19:54:56,5,Webcam,4,129.69,West
174,2025-10-30 05:21:39,6,Screen,3,625.97,West
175,2025-08-17 16:56:02,136,Laptop,4,763.28,South
176,2025-09-04 02:27:02,83,Keyboard,1,784.29,North
177,2025-08-27 23:15:07,121,Screen,1,529.86,East
178,2025-08-30 13:20:40,110,Keyboard,3,1586.11,West
179,2025-09-27 04:14:35,109,Keyboard,1,1032.96,North
180,2025-08-29 19:29:59,156,Laptop,1,634.14,South
181,2025-11-01 01:52:25,90,Screen,6,1167.6,West
182,2025-10-28 18:10:21,23,Keyboard,3,1284.03,North
183,2025-09-19 00:40:41,54,Keyboard,5,1291.06,South
184,2025-09-12 11:09:49,63,Webcam,5,796.19,South
185,2025-10-20 18:39:34,33,Mouse,2,1484.91,South
186,2025-08-26 02:06:58,62,Screen,6,114.4,West
187,2025-11-01 02:33:23,162,Laptop,1,1456.0,North
188,2025-11-09 17:32:09,194,Keyboard,6,669.42,West
189,2025-09-14 23:34:59,148,Screen,5,1269.94,North
190,2025-11-11 10:04:27,65,Webcam,2,848.37,West
191,2025-10-18 14:17:36,84,Keyboard,4,195.76,West
192,2025-08-16 07:30:07,155,Keyboard,4,202.18,West
193,2025-09-25 13:20:52,132,Laptop,5,1285.17,South
194,2025-09-04 01:54:31,123,Screen,4,106.4,South
195,2025-09-13 17:35:50,26,Keyboard,5,1391.6,East
196,2025-09-13 02:44:19,35,Laptop,4,1350.55,East
197,2025-10-03 10:16:41,145,Keyboard,5,1129.74,South
198,2025-10-06 03:23:41,48,Mouse,2,272.23,West
199,2025-09-23 13:35:26,39,Webcam,1,379.75,West
200,2025-08-23 02:41:24,100,Laptop,1,994.16,South
201,2025-10-01 02:58:44,92,Screen,5,999.66,South
202,2025-08-31 08:44:04,47,Webcam,6,1473.94,East
203,2025-11-01 05:25:12,56,Screen,5,1293.84,North
204,2025-10-23 16:28:53,35,Mouse,2,494.19,North
205,2025-09-23 20:54:12,6,Webcam,6,859.66,South
206,2025-10-01 17:42:02,67,Keyboard,1,1485.31,East
207,2025-09-25 22:41:55,144,Keyboard,1,1256.64,East
208,2025-10-10 16:11:28,67,Mouse,4,813.2,West
209,2025-08-23 13:47:07,19,Keyboard,5,295.09,South
210,2025-09-29 01:02:28,180,Screen,6,423.89,East
211,2025-11-05 04:49:12,145,Screen,1,220.8,North
212,2025-09-09 20:48:54,98,Mouse,5,117.19,East
213,2025-10-01 19:47:51,188,Mouse,4,962.65,West
214,2025-10-29 20:58:43,39,Webcam,2,1361.34,North
215,2025-10-09 21:54:58,60,Mouse,6,738.16,North
216,2025-10-21 07:30:22,145,Webcam,5,163.12,South
217,2025-10-10 05:37:22,76,Laptop,6,603.45,North
218,2025-11-06 02:53:42,82,Keyboard,3,487.33,North
219,2025-08-18 00:08:32,62,Webcam,6,1177.14,East
220,2025-09-10 08:38:21,139,Webcam,6,635.92,North
221,2025-10-14 11:40:45,82,Webcam,1,75.64,East
222,2025-11-10 19:35:50,17,Webcam,6,688.38,West
223,2025-09-29 07:51:04,13,Webcam,3,554.36,West
224,2025-08-31 23:49:19,149,Keyboard,2,1307.81,East
225,2025-09-05 11:39:55,167,Keyboard,1,732.16,East
226,2025-10-10 17:53:58,2,Laptop,6,799.78,East
227,2025-10-03 03:29:49,70,Mouse,2,1228.84,West
228,2025-09-04 21:40:57,101,Screen,3,868.17,East
229,2025-08-31 17:06:56,181,Webcam,4,1255.65,North
230,2025-10-29 05:39:34,143,Mouse,5,1188.4,North
231,2025-11-09 00:25:33,119,Keyboard,1,1019.54,North
232,2025-08-17 20:54:54,44,Laptop,3,775.76,West
233,2025-11-11 05:49:17,86,Laptop,3,421.33,West
234,2025-09-01 00:29:45,143,Keyboard,6,1154.67,East
235,2025-11-10 04:49:26,114,Mouse,2,633.49,South
236,2025-10-20 19:51:03,25,Webcam,1,1545.75,North
237,2025-08-25 08:24:51,46,Screen,3,1598.53,North
238,2025-10-13 22:22:27,144,Laptop,5,445.32,West
239,2025-11-05 18:30:44,158,Mouse,4,240.13,North
240,2025-08-30 20:14:50,31,Keyboard,5,1020.69,South
241,2025-11-01 19:51:41,125,Keyboard,4,270.71,West
242,2025-10-30 04:30:51,92,Mouse,5,27.67,East
243,2025-09-30 03:27:43,111,Laptop,3,1559.08,West
244,2025-08-25 05:36:06,127,Keyboard,1,739.29,West
245,2025-09-21 12:20:04,131,Webcam,3,644.81,South
246,2025-09-08 09:07:04,27,Laptop,2,1371.52,South
247,2025-10-27 07:16:51,121,Screen,4,277.98,North
248,2025-10-18 07:32:31,141,Keyboard,3,362.97,East
249,2025-09-07 00:11:38,53,Mouse,3,1507.55,West
250,2025-10-12 04:01:46,133,Mouse,2,1452.05,West
251,2025-09-15 15:09:08,30,Mouse,4,800.15,South
252,2025-09-28 09:10:52,43,Screen,4,1455.08,West
253,2025-09-14 19:39:50,131,Webcam,2,1239.88,South
254,2025-09-30 11:17:41,8,Screen,4,464.22,North
255,2025-10-18 04:53:49,111,Laptop,3,725.62,East
256,2025-08-20 05:30:53,17,Keyboard,4,927.62,South
257,2025-10-24 00:51:19,28,Keyboard,1,886.33,South
258,2025-11-09 02:02:02,78,Mouse,4,175.4,North
259,2025-08-23 04:47:17,130,Laptop,2,1180.1,South
260,2025-10-11 02:15:21,184,Webcam,5,231.73,North
261,2025-11-07 10:01:24,4,Webcam,2,893.08,North
262,2025-08-25 23:45:50,133,Laptop,6,575.76,East
263,2025-10-18 04:16:37,163,Webcam,2,880.23,South
264,2025-08-26 00:00:18,131,Screen,1,1217.14,South
265,2025-09-14 14:55:37,57,Screen,4,904.02,North
266,2025-09-04 18:08:26,179,Keyboard,3,1567.41,East
267,2025-09-19 21:59:45,96,Mouse,6,1061.68,North
268,2025-10-23 22:57:56,1,Mouse,5,1438.69,North
269,2025-08-17 04:00:29,176,Mouse,3,323.8,East
270,2025-10-11 16:25:24,1,Screen,1,1063.88,West
271,2025-09-05 16:43:17,173,Webcam,6,1158.5,East
272,2025-09-11 07:21:10,173,Keyboard,3,571.51,East
273,2025-09-08 15:53:25,118,Screen,1,192.09,North
274,2025-10-05 05:57:11,194,Mouse,2,470.51,South
275,2025-08-16 09:53:33,139,Screen,4,881.47,East
276,2025-10-02 07:30:28,88,Mouse,6,1261.36,East
277,2025-09-28 01:08:07,21,Webcam,4,957.66,North
278,2025-09-25 19:24:48,105,Mouse,5,982.0,East
279,2025-10-11 20:02:49,122,Webcam,6,323.29,North
280,2025-09-18 23:47:32,171,Laptop,2,1156.71,North
281,2025-09-02 06:42:30,148,Mouse,2,1086.72,North
282,2025-09-10 06:59:37,182,Keyboard,3,679.83,West
283,2025-10-25 17:08:46,71,Keyboard,4,1343.99,East
284,2025-09-12 23:22:24,19,Mouse,5,467.5,North
285,2025-08-27 07:30:29,55,Keyboard,5,1296.5,West
286,2025-09-03 09:45:42,11,Keyboard,2,917.81,East
287,2025-09-24 03:28:19,45,Screen,2,1042.72,North
288,2025-10-22 12:14:27,117,Keyboard,2,1087.7,East
289,2025-09-12 13:50:23,161,Keyboard,2,526.51,South
290,2025-11-07 18:47:28,114,Screen,2,1185.15,West
291,2025-10-31 17:42:22,75,Keyboard,6,941.57,East
292,2025-10-24 17:41:05,28,Mouse,4,1050.18,West
293,2025-10-14 14:53:56,136,Mouse,4,1173.8,East
294,2025-10-10 10:19:27,91,Webcam,6,227.43,South
295,2025-08-27 18:32:45,7,Webcam,5,256.81,East
296,2025-09-21 11:08:42,113,Keyboard,4,272.17,North
297,2025-08-26 07:23:24,1,Screen,2,317.42,South
298,2025-09-17 22:07:47,100,Mouse,1,406.83,North
299,2025-09-19 01:15:53,92,Mouse,2,379.0,North
300,2025-10-28 11:47:17,20,Mouse,2,148.49,West
301,2025-08-21 14:22:29,195,Laptop,5,412.55,West
302,2025-10-16 03:45:11,23,Screen,5,861.76,West
303,2025-08-28 00:08:38,45,Keyboard,6,411.34,South
304,2025-08-18 08:44:15,108,Keyboard,2,1505.58,East
305,2025-08-17 17:08:51,185,Screen,2,109.76,East
306,2025-08-30 15:50:12,146,Laptop,1,188.41,South
307,2025-09-09 10:19:19,188,Webcam,2,842.9,North
308,2025-09-05 10:02:23,133,Mouse,2,133.3,North
309,2025-09-22 04:58:16,6,Laptop,2,307.28,North
310,2025-08-29 06:03:22,198,Laptop,5,96.04,South
311,2025-10-21 22:52:30,190,Screen,2,1383.49,North
312,2025-10-05 10:01:56,192,Webcam,1,597.08,South
313,2025-09-14 11:33:29,37,Webcam,1,286.14,South
314,2025-08-26 16:17:49,137,Keyboard,6,1012.67,West
315,2025-09-01 11:33:06,133,Mouse,4,649.84,East
316,2025-08-21 23:04:45,62,Screen,3,45.1,East
317,2025-10-10 14:13:21,107,Mouse,3,11.83,South
318,2025-08-28 13:17:57,105,Screen,1,1451.55,South
319,2025-09-03 14:04:42,102,Mouse,5,421.13,North
320,2025-10-19 01:55:07,29,Keyboard,1,949.54,West
321,2025-09-13 07:04:27,50,Mouse,6,731.23,West
322,2025-09-19 00:04:25,61,Webcam,2,636.52,West
323,2025-08-22 07:12:00,13,Screen,1,133.31,North
324,2025-08-23 08:31:28,107,Screen,2,778.94,East
325,2025-08-29 07:24:07,125,Keyboard,2,1565.09,West
326,2025-08-30 09:40:02,105,Mouse,2,677.07,East
327,2025-10-02 06:28:41,74,Screen,1,329.43,North
328,2025-08-28 15:43:24,30,Mouse,4,1580.43,North
329,2025-08-17 14:45:01,150,Mouse,3,388.73,East
330,2025-09-26 17:40:14,192,Mouse,6,1464.57,West
331,2025-08-24 22:25:09,27,Screen,3,726.76,West
332,2025-08-21 10:41:22,195,Laptop,2,614.31,East
333,2025-11-04 19:35:31,131,Laptop,4,45.24,West
334,2025-08-30 17:27:30,140,Webcam,3,1538.53,South
335,2025-11-12 16:58:34,85,Keyboard,5,947.81,South
336,2025-10-25 14:35:08,34,Keyboard,3,437.69,West
337,2025-08-25 16:55:30,155,Laptop,5,518.8,West
338,2025-11-01 00:11:31,82,Webcam,4,1428.4,East
339,2025-09-21 18:26:02,187,Mouse,2,1563.3,West
340,2025-09-08 05:30:23,69,Webcam,3,344.28,East
341,2025-09-21 11:32:55,54,Mouse,4,1493.94,East
342,2025-10-30 05:28:10,100,Laptop,2,487.62,West
343,2025-09-09 01:48:41,75,Webcam,2,1246.37,South
344,2025-11-10 22:07:47,120,Laptop,1,940.0,East
345,2025-09-07 15:26:45,60,Laptop,4,729.66,North
346,2025-09-06 22:24:53,78,Screen,5,887.48,West
347,2025-08-28 02:31:06,160,Keyboard,3,1566.11,East
348,2025-08-31 11:28:57,125,Keyboard,1,285.8,East
349,2025-08-21 12:32:44,107,Mouse,5,965.77,North
350,2025-09-03 13:09:05,83,Mouse,4,446.43,West
351,2025-11-03 14:38:46,153,Laptop,1,1360.23,South
352,2025-10-31 16:03:32,172,Webcam,3,1096.28,South
353,2025-10-28 02:35:56,48,Laptop,4,860.81,South
354,2025-10-11 07:42:31,43,Keyboard,5,1191.37,South
355,2025-08-23 03:12:39,130,Webcam,3,556.47,North
356,2025-11-03 23:31:11,142,Webcam,5,1396.66,South
357,2025-08-16 15:07:30,183,Webcam,5,313.74,West
358,2025-09-02 17:17:35,120,Laptop,3,1424.19,North
359,2025-08-28 13:31:07,185,Mouse,2,1236.03,North
360,2025-10-30 06:04:13,185,Webcam,1,518.97,West
361,2025-09-03 18:47:39,148,Keyboard,1,713.03,West
362,2025-10-15 23:27:01,91,Mouse,1,367.53,East
363,2025-10-23 21:00:44,35,Laptop,4,657.2,North
364,2025-11-05 23:29:00,128,Screen,5,549.81,North
365,2025-10-02 15:37:50,101,Mouse,6,1396.8,North
366,2025-10-18 03:55:12,22,Mouse,1,875.77,West
367,2025-10-24 15:42:54,15,Webcam,1,1405.61,South
368,2025-09-14 20:44:36,29,Webcam,5,121.31,East
369,2025-09-29 06:26:33,153,Laptop,1,624.25,North
370,2025-09-30 21:17:22,198,Webcam,6,118.58,East
371,2025-09-10 22:59:39,53,Laptop,5,867.03,South
372,2025-08-31 17:16:19,8,Screen,2,1160.45,West
373,2025-08-20 11:59:05,158,Mouse,2,717.06,South
374,2025-10-08 08:48:21,33,Laptop,6,948.54,East
375,2025-09-07 15:44:28,176,Keyboard,1,610.74,West
376,2025-09-26 01:08:38,128,Mouse,3,484.94,South
377,2025-09-23 03:31:12,96,Mouse,5,159.12,West
378,2025-09-23 21:22:37,36,Mouse,2,1059.76,South
379,2025-09-13 16:47:39,101,Keyboard,2,1073.46,South
380,2025-09-30 17:37:58,25,Mouse,2,128.97,East
381,2025-09-17 01:11:18,50,Keyboard,2,62.44,West
382,2025-09-17 05:19:08,172,Keyboard,1,421.74,North
383,2025-11-05 19:07:42,181,Keyboard,6,408.88,East
384,2025-09-27 14:13:12,189,Webcam,3,424.64,East
385,2025-08-26 02:18:50,48,Keyboard,1,300.66,West
386,2025-10-23 22:24:05,72,Webcam,6,788.11,East
387,2025-09-16 11:07:23,124,Laptop,3,400.18,North
388,2025-08-27 08:56:42,110,Screen,2,994.7,South
389,2025-10-28 23:45:09,68,Keyboard,5,1113.04,South
390,2025-09-06 12:38:38,23,Laptop,6,542.49,East
391,2025-11-11 06:12:35,76,Webcam,2,1457.7,West
392,2025-10-04 09:22:09,78,Mouse,2,49.33,West
393,2025-10-22 08:26:38,148,Laptop,5,1066.31,South
394,2025-08-26 06:31:44,52,Keyboard,6,1474.58,South
395,2025-10-10 13:11:17,121,Mouse,5,121.8,East
396,2025-09-14 15:54:18,15,Laptop,5,1324.87,West
397,2025-10-27 21:34:43,102,Webcam,4,139.69,North
398,2025-09-01 12:13:01,10,Webcam,4,412.19,North
399,2025-09-21 06:21:38,85,Webcam,6,1431.98,East
400,2025-09-05 18:01:14,15,Laptop,4,163.98,West
401,2025-09-18 14:03:25,50,Mouse,6,888.53,East
402,2025-10-03 17:58:07,127,Laptop,6,1060.6,West
403,2025-09-14 13:11:27,39,Screen,4,1073.24,West
404,2025-10-29 12:18:17,194,Webcam,1,642.53,North
405,2025-10-16 00:22:58,76,Screen,4,1575.82,South
406,2025-11-09 00:07:42,158,Webcam,3,484.56,West
407,2025-10-31 22:53:58,109,Webcam,2,911.51,North
408,2025-08-23 09:44:13,183,Webcam,6,1458.5,West
409,2025-08-23 09:27:50,44,Keyboard,1,1393.49,East
410,2025-11-03 23:47:33,144,Keyboard,4,344.84,East
411,2025-10-06 19:10:36,172,Webcam,4,98.73,West
412,2025-10-11 02:19:02,7,Keyboard,6,587.58,West
413,2025-08-19 15:23:33,199,Mouse,1,732.58,West
414,2025-10-25 18:04:30,37,Mouse,6,146.81,South
415,2025-10-06 06:09:01,66,Webcam,3,180.57,West
416,2025-08-18 15:03:37,15,Screen,4,488.59,North
417,2025-11-12 12:51:31,9,Webcam,4,1198.59,East
418,2025-09-07 16:53:28,155,Screen,4,234.1,North
419,2025-10-19 11:22:38,30,Webcam,6,1392.01,West
420,2025-10-15 21:35:44,60,Webcam,1,455.6,East
421,2025-08-24 04:28:23,88,Webcam,5,250.46,North
422,2025-11-09 06:11:06,49,Mouse,6,1533.25,West
423,2025-09-05 01:17:03,49,Webcam,2,1239.89,South
424,2025-10-23 17:03:45,24,Keyboard,3,1409.06,West
425,2025-11-09 07:21:58,160,Keyboard,4,244.01,South
426,2025-08-22 23:45:44,11,Screen,1,1366.6,West
427,2025-10-04 02:04:26,125,Webcam,3,464.66,East
428,2025-11-03 12:35:50,172,Mouse,1,970.58,West
429,2025-11-01 16:07:24,103,Keyboard,1,203.11,East
430,2025-11-02 08:56:03,194,Webcam,2,1421.63,North
431,2025-09-28 06:40:00,35,Keyboard,5,1105.09,South
432,2025-11-11 07:40:36,2,Webcam,2,1202.73,North
433,2025-09-11 20:17:06,155,Mouse,4,414.64,North
434,2025-11-08 05:25:58,89,Keyboard,6,875.66,North
435,2025-08-29 04:04:58,111,Screen,1,78.88,South
436,2025-09-15 18:47:38,42,Keyboard,1,896.7,South
437,2025-11-06 13:50:08,33,Mouse,6,773.88,West
438,2025-08-27 07:06:42,151,Keyboard,1,1357.46,North
439,2025-09-07 08:33:06,58,Laptop,6,1506.15,South
440,2025-08-25 18:58:10,169,Keyboard,5,74.95,East
441,2025-09-13 19:55:00,84,Laptop,6,906.7,West
442,2025-11-07 06:40:10,192,Laptop,2,219.04,East
443,2025-10-30 01:07:38,46,Keyboard,6,302.99,South
444,2025-10-28 19:18:51,191,Screen,2,1143.43,North
445,2025-08-30 02:46:20,136,Keyboard,3,530.63,South
446,2025-10-22 04:10:42,197,Webcam,5,1235.48,South
447,2025-09-09 00:30:49,165,Laptop,5,1171.67,South
448,2025-08-23 21:56:16,50,Screen,2,1457.99,West
449,2025-09-04 21:17:13,22,Keyboard,1,1542.42,South
450,2025-11-12 06:38:47,17,Screen,5,1345.51,North
451,2025-09-12 14:39:15,160,Mouse,3,1155.46,West
452,2025-11-01 15:22:26,90,Screen,5,1210.99,West
453,2025-10-12 19:21:36,23,Mouse,2,16.79,East
454,2025-08-21 00:10:41,84,Keyboard,3,1084.19,West
455,2025-09-15 20:08:34,22,Screen,6,1397.71,South
456,2025-09-04 13:36:40,31,Screen,4,875.77,North
457,2025-08-18 20:42:03,183,Keyboard,2,1174.47,West
458,2025-11-05 19:13:22,75,Webcam,1,564.77,East
459,2025-09-24 20:47:52,82,Mouse,5,1124.86,South
460,2025-10-22 13:36:53,49,Keyboard,6,812.1,West
461,2025-08-23 22:47:54,57,Screen,6,46.39,North
462,2025-09-13 19:12:39,128,Laptop,5,911.31,West
463,2025-10-27 06:07:37,155,Webcam,6,15.81,North
464,2025-10-29 13:46:21,66,Screen,2,320.93,North
465,2025-10-05 21:03:17,151,Mouse,6,164.46,South
466,2025-09-02 00:41:48,49,Screen,2,304.6,South
467,2025-08-29 17:39:10,74,Screen,3,906.38,West
468,2025-10-22 23:29:25,176,Screen,6,1214.87,North
469,2025-10-30 00:05:21,70,Keyboard,6,294.47,North
470,2025-11-02 18:19:40,33,Mouse,1,859.13,East
471,2025-08-23 22:45:13,9,Webcam,6,574.84,East
472,2025-09-21 15:36:05,88,Mouse,6,1452.8,East
473,2025-11-04 18:14:17,75,Laptop,6,195.31,East
474,2025-10-29 05:38:40,55,Laptop,5,1521.14,North
475,2025-09-09 00:06:14,96,Mouse,6,875.03,North
476,2025-10-06 08:59:44,45,Keyboard,4,764.85,West
477,2025-11-09 01:20:21,49,Webcam,3,928.21,West
478,2025-09-21 02:40:22,144,Screen,3,315.69,North
479,2025-09-07 03:21:48,15,Screen,2,498.75,West
480,2025-09-22 12:43:54,138,Keyboard,3,1119.35,West
481,2025-09-27 13:19:03,91,Laptop,5,1587.36,North
482,2025-09-21 08:47:06,199,Mouse,5,492.31,West
483,2025-08-24 17:00:47,177,Keyboard,5,1431.81,East
484,2025-11-10 06:20:17,67,Keyboard,3,122.25,South
485,2025-08-15 21:35:12,112,Webcam,2,573.31,North
486,2025-09-03 09:24:19,103,Laptop,1,1581.75,West
487,2025-11-01 18:20:17,108,Laptop,3,1255.62,North
488,2025-10-12 19:17:58,183,Laptop,4,254.69,North
489,2025-10-08 17:02:43,34,Mouse,6,542.55,East
490,2025-09-22 10:27:25,173,Screen,6,1090.61,East
491,2025-11-10 19:32:29,183,Webcam,6,1386.06,East
492,2025-11-06 01:50:09,141,Webcam,2,125.7,East
493,2025-10-20 23:57:47,185,Screen,6,235.78,West
494,2025-10-19 08:48:50,116,Screen,6,1588.45,East
495,2025-08-15 13:32:34,137,Laptop,6,1250.98,North
496,2025-10-19 02:04:52,34,Screen,4,1304.01,South
497,2025-10-17 19:16:55,198,Mouse,3,1006.28,West
498,2025-09-09 05:13:26,55,Webcam,3,524.74,East
499,2025-10-28 14:33:45,27,Mouse,6,472.34,South
500,2025-09-14 15:34:22,197,Keyboard,1,774.0,East
501,2025-10-01 02:37:32,152,Laptop,1,128.19,North
502,2025-11-12 17:37:34,58,Mouse,1,585.83,South
503,2025-09-19 20:59:34,94,Screen,6,1372.21,South
504,2025-09-05 04:03:42,182,Keyboard,2,1285.97,East
505,2025-10-31 09:54:35,150,Keyboard,4,1483.66,South
506,2025-09-23 15:09:01,88,Webcam,2,604.42,West
507,2025-09-27 15:14:45,133,Laptop,5,1156.31,West
508,2025-09-29 00:10:32,3,Webcam,5,250.66,South
509,2025-09-02 08:44:48,151,Keyboard,6,1542.54,West
510,2025-10-30 13:48:00,168,Keyboard,6,855.15,North
511,2025-09-14 20:08:18,119,Mouse,1,1148.37,East
512,2025-10-19 13:15:18,32,Mouse,4,1553.69,West
513,2025-11-07 00:35:27,122,Mouse,3,337.28,South
514,2025-08-22 23:40:49,83,Screen,3,752.71,North
515,2025-10-18 01:15:04,143,Keyboard,5,951.49,North
516,2025-09-14 07:05:07,196,Keyboard,1,75.82,South
517,2025-11-10 08:24:05,59,Mouse,2,911.36,West
518,2025-08-30 09:58:26,114,Laptop,3,959.83,West
519,2025-09-19 14:44:46,101,Screen,3,1518.73,East
520,2025-10-17 08:19:02,143,Mouse,1,833.13,West
521,2025-10-19 13:38:11,10,Webcam,5,1432.56,East
522,2025-11-09 11:58:35,53,Screen,6,36.95,South
523,2025-10-21 09:20:22,162,Laptop,2,1529.92,South
524,2025-10-13 01:00:31,25,Screen,2,611.3,West
525,2025-10-05 08:00:15,161,Keyboard,4,117.18,East
526,2025-10-04 02:46:42,9,Webcam,4,390.87,West
527,2025-10-30 23:37:56,13,Keyboard,6,1569.44,West
528,2025-09-06 08:22:02,125,Laptop,4,812.82,North
529,2025-10-11 06:18:43,51,Laptop,6,288.83,East
530,2025-09-05 05:55:12,175,Mouse,4,1200.1,West
531,2025-09-15 13:55:21,53,Mouse,6,768.54,South
532,2025-09-02 20:19:26,117,Webcam,5,593.27,East
533,2025-09-09 19:12:34,39,Laptop,6,1576.2,East
534,2025-10-20 12:11:56,172,Screen,3,1263.96,East
535,2025-08-17 12:08:13,80,Keyboard,1,182.71,East
536,2025-09-12 11:54:26,92,Keyboard,2,976.28,South
537,2025-09-13 13:19:03,42,Screen,3,115.45,West
538,2025-10-31 14:27:45,35,Laptop,5,1479.86,East
539,2025-10-16 16:34:58,141,Screen,4,1376.52,North
540,2025-10-31 13:08:00,93,Keyboard,6,316.86,South
541,2025-11-06 16:59:19,90,Mouse,3,825.28,West
542,2025-10-14 00:02:30,173,Keyboard,5,1507.92,South
543,2025-09-06 22:22:40,145,Keyboard,2,1215.73,North
544,2025-09-05 15:50:30,189,Mouse,1,1387.36,North
545,2025-10-20 15:08:11,121,Mouse,1,962.21,East
546,2025-09-03 15:07:59,155,Webcam,2,1477.57,West
547,2025-10-04 21:07:21,31,Mouse,5,849.17,North
548,2025-10-25 17:05:26,101,Webcam,5,546.07,North
549,2025-09-04 07:44:02,159,Screen,2,1403.7,West
550,2025-09-10 12:53:11,199,Keyboard,4,1016.47,West
551,2025-11-07 18:10:06,134,Webcam,5,272.48,South
552,2025-10-20 21:24:06,170,Mouse,4,577.85,North
553,2025-10-06 06:38:33,147,Webcam,6,261.32,South
554,2025-10-02 15:37:38,90,Webcam,1,841.78,North
555,2025-08-21 14:03:28,170,Webcam,3,968.08,West
556,2025-09-27 11:27:50,189,Mouse,3,54.52,West
557,2025-10-21 17:34:38,3,Screen,2,887.93,South
558,2025-09-12 17:19:01,23,Mouse,6,680.14,North
559,2025-10-06 10:41:50,56,Webcam,6,238.31,North
560,2025-10-10 14:37:24,154,Mouse,5,952.4,South
561,2025-10-17 00:55:09,125,Laptop,1,892.22,West
562,2025-10-06 15:56:26,177,Webcam,2,1102.34,East
563,2025-08-27 12:27:53,94,Mouse,6,1084.42,North
564,2025-10-27 02:23:28,144,Mouse,3,402.84,North
565,2025-09-08 13:40:02,82,Screen,6,754.06,South
566,2025-09-06 03:18:11,31,Laptop,1,1362.84,North
567,2025-08-21 03:21:57,190,Screen,4,508.8,North
568,2025-09-09 00:56:47,165,Laptop,6,1545.39,South
569,2025-08-20 08:31:06,171,Webcam,2,359.45,South
570,2025-10-05 23:39:12,140,Screen,5,1280.12,East
571,2025-09-25 09:04:37,112,Keyboard,6,1151.85,West
572,2025-10-04 11:11:38,174,Laptop,5,228.35,North
573,2025-09-03 15:01:14,113,Laptop,2,793.62,West
574,2025-10-05 21:06:21,19,Mouse,5,1085.7,South
575,2025-09-16 07:29:57,197,Webcam,1,766.23,West
576,2025-09-27 02:54:18,40,Keyboard,3,1024.85,East
577,2025-11-09 22:15:46,77,Laptop,5,1583.94,North
578,2025-08-15 13:53:29,9,Laptop,5,930.76,North
579,2025-08-29 19:20:10,94,Screen,3,1441.81,North
580,2025-11-04 03:45:45,175,Laptop,1,1123.86,South
581,2025-09-07 13:56:08,113,Laptop,6,368.55,South
582,2025-10-14 07:39:44,159,Mouse,3,442.17,East
583,2025-10-10 18:06:11,168,Laptop,4,601.59,West
584,2025-10-12 04:27:33,44,Keyboard,2,1331.83,South
585,2025-11-09 01:51:31,106,Keyboard,1,1539.26,East
586,2025-09-08 22:45:28,192,Keyboard,1,150.25,West
587,2025-10-31 15:55:13,51,Laptop,2,756.74,South
588,2025-10-28 17:19:36,51,Mouse,1,937.78,East
589,2025-11-09 02:26:13,170,Keyboard,2,148.37,East
590,2025-10-02 06:12:51,150,Webcam,2,1215.64,East
591,2025-09-24 06:08:19,10,Laptop,5,53.35,North
592,2025-09-27 08:55:55,145,Keyboard,5,1058.0,South
593,2025-09-25 15:12:47,38,Screen,6,1126.91,North
594,2025-08-26 23:23:15,37,Screen,2,791.94,South
595,2025-09-04 10:55:35,146,Laptop,2,613.39,East
596,2025-09-29 06:57:10,24,Laptop,4,861.47,North
597,2025-10-28 17:18:50,30,Keyboard,6,585.23,West
598,2025-10-15 05:50:32,19,Mouse,1,1226.43,South
599,2025-10-18 19:42:52,124,Screen,3,1186.4,East
600,2025-11-12 15:15:19,171,Keyboard,3,1106.28,West
601,2025-08-26 19:46:10,55,Webcam,4,411.84,East
602,2025-09-18 06:03:32,74,Keyboard,1,687.03,South
603,2025-09-16 07:31:48,38,Keyboard,2,1172.73,West
604,2025-09-15 16:02:06,141,Screen,3,1293.37,North
605,2025-10-21 22:08:25,56,Webcam,6,976.21,South
606,2025-09-10 19:18:51,82,Mouse,2,289.49,West
607,2025-11-05 13:57:19,3,Screen,4,1074.21,East
608,2025-09-11 03:54:09,158,Webcam,5,1491.45,West
609,2025-09-20 09:19:03,90,Screen,1,605.18,West
610,2025-09-26 17:29:10,8,Keyboard,5,365.85,West
611,2025-10-06 08:03:30,53,Laptop,2,230.59,East
612,2025-10-02 21:39:04,47,Keyboard,6,849.57,North
613,2025-09-24 11:40:33,69,Screen,2,1192.77,North
614,2025-09-18 07:28:09,190,Mouse,5,1548.44,South
615,2025-09-14 03:41:09,38,Mouse,3,13.64,South
616,2025-11-09 00:31:21,174,Laptop,1,505.84,North
617,2025-08-21 13:18:32,136,Webcam,2,1195.83,West
618,2025-10-06 08:46:35,151,Mouse,6,432.61,North
619,2025-09-07 23:44:46,34,Screen,4,1502.35,North
620,2025-11-10 18:58:55,21,Laptop,3,735.29,North
621,2025-09-03 05:33:20,43,Screen,2,113.78,West
622,2025-09-19 03:48:11,131,Mouse,6,1126.42,North
623,2025-08-25 16:06:59,146,Mouse,6,654.05,East
624,2025-09-08 16:14:06,186,Keyboard,1,137.08,East
625,2025-09-16 21:48:02,150,Mouse,4,789.83,North
626,2025-09-17 16:45:22,65,Laptop,2,603.56,North
627,2025-08-31 23:05:57,88,Screen,1,982.7,South
628,2025-08-17 18:19:01,83,Screen,2,1337.62,East
629,2025-08-25 06:49:27,70,Laptop,3,40.95,North
630,2025-11-11 13:37:51,180,Keyboard,6,1569.27,South
631,2025-10-25 03:27:49,186,Keyboard,4,315.71,East
632,2025-08-23 15:42:23,163,Laptop,2,182.44,East
633,2025-09-27 22:46:26,126,Laptop,5,830.03,North
634,2025-09-14 19:57:15,53,Mouse,6,1216.64,East
635,2025-10-23 20:07:28,133,Keyboard,3,565.42,North
636,2025-09-23 18:53:26,193,Mouse,3,837.94,West
637,2025-09-22 05:12:45,34,Laptop,4,260.05,South
638,2025-09-14 03:00:27,19,Keyboard,3,953.85,South
639,2025-08-19 02:24:34,75,Laptop,1,553.87,East
640,2025-08-22 19:25:17,172,Laptop,3,1468.19,South
641,2025-10-16 14:22:59,84,Screen,5,1413.17,West
642,2025-09-20 06:57:04,46,Screen,4,623.97,North
643,2025-11-08 02:24:05,129,Keyboard,2,921.53,West
644,2025-10-14 20:46:33,89,Mouse,1,742.95,South
645,2025-08-18 03:39:40,51,Mouse,2,1476.89,North
646,2025-08-23 19:01:37,145,Laptop,6,188.6,East
647,2025-09-22 18:01:17,173,Screen,6,270.31,South
648,2025-09-29 23:59:30,73,Laptop,4,1364.24,West
649,2025-08-16 02:30:18,137,Mouse,1,1463.65,East
650,2025-10-28 09:14:03,74,Screen,6,1352.77,East
651,2025-09-11 06:56:25,19,Screen,3,1199.36,West
652,2025-11-08 09:42:06,81,Mouse,6,576.75,East
653,2025-09-06 13:30:47,181,Screen,3,1525.01,South
654,2025-08-17 06:11:48,27,Webcam,3,375.02,South
655,2025-10-25 06:17:15,42,Keyboard,3,415.08,North
656,2025-09-22 15:58:37,105,Keyboard,1,1230.28,West
657,2025-08-20 14:08:21,70,Keyboard,2,159.6,North
658,2025-10-08 13:24:45,196,Keyboard,3,362.93,West
659,2025-09-15 09:08:11,9,Keyboard,4,649.63,North
660,2025-10-07 00:05:52,97,Keyboard,1,1132.66,East
661,2025-09-21 16:06:52,178,Laptop,1,477.21,North
662,2025-09-23 03:43:50,157,Keyboard,5,1118.35,West
663,2025-10-25 01:07:23,5,Mouse,5,62.05,South
664,2025-09-30 22:17:06,53,Mouse,3,815.78,West
665,2025-10-03 20:03:52,19,Screen,4,645.78,South
666,2025-08-19 11:03:02,177,Mouse,5,460.81,North
667,2025-09-11 22:10:54,41,Laptop,6,766.9,West
668,2025-09-17 07:06:34,29,Laptop,6,391.88,East
669,2025-08-18 01:16:38,64,Laptop,6,578.94,South
670,2025-09-12 23:21:32,166,Keyboard,3,333.2,North
671,2025-09-30 23:11:21,198,Keyboard,4,1212.59,North
672,2025-10-25 15:18:27,121,Mouse,1,292.9,North
673,2025-09-13 11:47:04,21,Keyboard,5,420.84,East
674,2025-09-09 04:13:19,9,Laptop,2,627.19,North
675,2025-08-26 01:46:46,67,Webcam,5,850.77,West
676,2025-10-16 11:07:04,192,Webcam,5,40.62,West
677,2025-10-18 18:03:48,61,Screen,4,365.43,North
678,2025-09-26 02:37:12,196,Mouse,6,200.05,East
679,2025-10-20 12:02:03,166,Screen,1,177.18,South
680,2025-11-02 20:20:23,166,Laptop,2,214.03,North
681,2025-08-15 21:12:20,138,Laptop,3,1305.52,South
682,2025-10-03 18:49:07,53,Laptop,5,211.86,South
683,2025-08-21 16:52:50,152,Laptop,1,392.95,South
684,2025-10-17 02:45:23,176,Webcam,6,1440.74,East
685,2025-10-20 14:37:32,171,Screen,2,919.46,North
686,2025-09-16 06:45:43,111,Screen,2,1204.45,East
687,2025-11-08 19:05:05,8,Mouse,5,1462.83,East
688,2025-10-16 06:49:05,79,Screen,1,1248.05,West
689,2025-10-13 16:44:04,136,Mouse,5,676.88,South
690,2025-10-14 01:16:54,94,Keyboard,2,372.48,East
691,2025-09-19 08:45:33,6,Keyboard,2,555.51,South
692,2025-09-01 21:32:28,159,Mouse,5,669.75,North
693,2025-09-17 22:16:15,140,Screen,2,635.3,East
694,2025-08-27 08:10:05,37,Mouse,5,619.2,East
695,2025-09-11 09:02:42,108,Keyboard,4,208.56,South
696,2025-10-20 10:04:30,142,Webcam,1,759.72,East
697,2025-08-29 14:05:38,177,Webcam,2,1051.89,North
698,2025-11-13 06:55:33,146,Keyboard,5,1541.15,North
699,2025-11-10 14:06:46,80,Screen,3,958.16,East
700,2025-10-04 21:02:32,49,Screen,5,1181.49,South
701,2025-09-05 02:26:09,118,Webcam,1,1245.0,North
702,2025-08-23 20:02:12,146,Mouse,5,1090.63,West
703,2025-10-25 10:44:09,122,Webcam,5,1556.91,North
704,2025-09-11 04:07:03,151,Mouse,1,661.65,South
705,2025-08-16 10:33:12,68,Keyboard,3,103.08,East
706,2025-10-04 13:35:22,149,Laptop,5,373.89,East
707,2025-11-03 17:52:08,138,Keyboard,3,702.9,West
708,2025-09-08 15:52:08,72,Webcam,6,384.22,South
709,2025-09-25 21:04:28,108,Laptop,3,969.42,North
710,2025-08-28 20:20:22,76,Keyboard,5,941.93,South
711,2025-10-25 15:02:03,72,Mouse,1,10.91,East
712,2025-10-25 18:11:59,45,Laptop,1,74.79,North
713,2025-11-04 20:57:50,2,Screen,5,1500.6,South
714,2025-09-10 16:26:33,80,Keyboard,3,1419.54,West
715,2025-08-18 17:42:20,120,Laptop,5,239.58,East
716,2025-08-29 22:26:57,76,Keyboard,5,184.11,East
717,2025-09-14 22:20:51,96,Laptop,4,152.5,East
718,2025-10-13 02:22:11,109,Keyboard,1,1294.6,West
719,2025-11-03 07:12:54,27,Screen,5,882.83,North
720,2025-09-16 07:16:50,87,Mouse,4,755.32,East
721,2025-09-25 13:31:48,191,Laptop,5,1127.34,North
722,2025-10-05 07:36:08,144,Keyboard,6,987.15,South
723,2025-08-30 06:55:05,42,Keyboard,4,928.36,South
724,2025-09-21 02:01:12,75,Screen,1,688.51,South
725,2025-08-18 07:06:15,171,Screen,1,241.45,West
726,2025-09-21 03:34:49,70,Mouse,3,221.97,South
727,2025-09-06 02:57:02,180,Keyboard,6,179.21,North
728,2025-09-17 09:42:16,56,Keyboard,2,1176.59,North
729,2025-09-19 14:26:48,60,Screen,4,586.97,East
730,2025-10-23 12:11:43,165,Webcam,6,1018.43,South
731,2025-09-04 13:57:59,28,Mouse,1,806.64,East
732,2025-10-29 13:36:39,87,Mouse,1,1318.3,North
733,2025-08-28 04:57:24,48,Mouse,3,794.59,East
734,2025-11-11 16:16:32,158,Keyboard,4,720.78,East
735,2025-08-26 16:47:04,49,Laptop,2,562.96,West
736,2025-10-10 19:54:10,196,Laptop,5,1060.8,East
737,2025-08-20 13:31:34,121,Laptop,4,93.32,South
738,2025-09-30 22:47:03,87,Keyboard,4,1156.55,West
739,2025-10-19 04:07:19,197,Screen,2,1310.39,East
740,2025-10-24 13:51:18,191,Keyboard,6,1063.81,North
741,2025-09-12 21:02:51,142,Mouse,2,1190.02,West
742,2025-08-31 03:26:13,160,Screen,2,960.5,West
743,2025-11-12 04:03:55,21,Keyboard,3,1403.61,East
744,2025-10-18 04:47:31,118,Screen,5,706.81,North
745,2025-10-21 18:32:26,172,Keyboard,6,167.08,South
746,2025-10-08 04:55:30,43,Keyboard,6,708.96,West
747,2025-08-20 02:46:14,53,Laptop,6,931.35,West
748,2025-10-31 14:06:59,135,Keyboard,3,909.33,West
749,2025-09-04 11:43:57,193,Mouse,6,96.37,North
750,2025-10-02 11:58:49,80,Mouse,4,1268.78,East
751,2025-11-03 21:21:48,117,Keyboard,3,984.62,South
752,2025-10-16 21:15:07,30,Keyboard,2,935.05,South
753,2025-09-01 01:00:09,48,Mouse,1,785.58,West
754,2025-10-07 08:53:16,44,Mouse,2,763.28,East
755,2025-08-15 11:03:55,27,Keyboard,5,1154.13,East
756,2025-10-08 09:49:39,177,Mouse,1,1063.31,North
757,2025-11-10 19:56:16,64,Webcam,4,1292.68,North
758,2025-10-04 01:41:59,28,Keyboard,1,852.12,West
759,2025-11-03 16:01:08,129,Keyboard,3,702.06,West
760,2025-08-22 23:59:43,166,Webcam,1,78.01,West
761,2025-10-21 14:10:04,35,Screen,1,1147.39,South
762,2025-09-17 23:48:21,197,Mouse,6,1134.66,East
763,2025-08-24 14:08:57,76,Keyboard,3,1324.38,West
764,2025-09-16 04:03:39,85,Laptop,6,693.62,West
765,2025-10-28 09:32:21,89,Screen,3,182.03,North
766,2025-09-09 21:54:07,100,Screen,6,699.27,East
767,2025-09-08 03:30:44,195,Keyboard,6,745.5,West
768,2025-09-21 01:26:25,87,Laptop,1,340.4,South
769,2025-09-21 17:26:49,166,Screen,1,1316.17,West
770,2025-10-06 17:43:44,112,Screen,5,1187.53,East
771,2025-09-25 02:06:35,136,Mouse,6,786.28,South
772,2025-11-11 19:25:07,92,Keyboard,2,515.23,West
773,2025-10-08 07:09:19,59,Webcam,5,161.91,West
774,2025-08-22 15:43:52,160,Webcam,6,341.04,West
775,2025-09-05 22:25:32,163,Mouse,4,99.08,West
776,2025-11-08 09:29:39,164,Webcam,3,927.11,East
777,2025-09-04 13:53:43,63,Laptop,4,240.19,South
778,2025-10-22 01:30:31,100,Mouse,5,1055.66,South
779,2025-10-14 20:23:53,32,Mouse,1,1226.79,East
780,2025-09-01 08:02:26,47,Mouse,2,220.19,South
781,2025-10-30 17:07:40,100,Laptop,3,1266.14,South
782,2025-09-12 22:13:54,97,Laptop,2,980.94,West
783,2025-09-18 02:42:43,15,Laptop,3,1188.23,North
784,2025-10-23 17:10:09,170,Laptop,6,1531.08,East
785,2025-09-09 23:50:23,192,Mouse,5,1351.81,East
786,2025-08-30 17:25:04,2,Webcam,1,1413.5,North
787,2025-10-01 07:14:37,99,Screen,1,1547.55,East
788,2025-10-30 06:35:13,17,Webcam,1,163.5,North
789,2025-10-07 11:53:27,6,Webcam,4,62.08,South
790,2025-09-14 17:08:33,16,Webcam,6,535.31,South
791,2025-11-13 09:43:03,182,Screen,6,288.82,South
792,2025-11-02 23:29:49,94,Screen,3,66.52,North
793,2025-09-09 11:57:31,33,Keyboard,6,123.04,North
794,2025-10-17 13:47:45,193,Webcam,3,1287.49,East
795,2025-08-16 22:24:12,193,Webcam,2,1458.77,South
796,2025-08-21 12:19:01,47,Webcam,2,1222.96,West
797,2025-11-04 22:41:29,21,Laptop,6,343.37,West
798,2025-11-01 01:00:57,176,Screen,5,515.34,South
799,2025-09-16 19:35:08,94,Screen,3,1416.4,South
800,2025-08-21 11:00:40,166,Keyboard,4,311.75,West
801,2025-10-31 09:50:28,62,Keyboard,4,680.63,West
802,2025-08-20 19:33:36,7,Mouse,2,382.84,East
803,2025-08-25 19:04:06,82,Keyboard,1,204.65,West
804,2025-09-26 22:56:48,191,Screen,5,528.69,South
805,2025-10-10 06:42:40,109,Mouse,4,310.28,West
806,2025-09-02 21:35:47,178,Laptop,5,228.7,South
807,2025-10-21 05:41:31,60,Screen,2,76.54,South
808,2025-09-15 10:20:17,167,Screen,3,137.25,North
809,2025-11-04 03:41:02,29,Webcam,5,955.71,West
810,2025-09-16 02:50:44,178,Mouse,2,954.81,West
811,2025-09-18 12:01:30,46,Mouse,4,1430.31,South
812,2025-10-05 17:54:43,76,Screen,2,733.27,North
813,2025-08-15 22:15:25,109,Laptop,2,1122.37,West
814,2025-08-20 20:47:42,78,Keyboard,1,1345.09,North
815,2025-10-23 11:38:33,14,Mouse,3,1030.11,South
816,2025-09-14 01:33:52,116,Mouse,5,1428.8,West
817,2025-09-30 06:29:09,15,Mouse,5,197.44,North
818,2025-10-10 16:44:44,10,Screen,3,18.77,East
819,2025-11-12 07:42:29,88,Mouse,1,606.65,West
820,2025-10-04 11:29:33,143,Keyboard,1,183.91,East
821,2025-09-27 19:24:32,166,Mouse,6,976.49,East
822,2025-10-22 11:20:23,80,Screen,5,1205.58,South
823,2025-10-18 22:56:56,21,Webcam,4,130.59,East
824,2025-10-21 04:25:16,114,Screen,1,103.98,South
825,2025-09-09 18:55:05,80,Laptop,2,356.54,North
826,2025-10-02 13:01:14,22,Keyboard,6,1484.66,North
827,2025-09-25 13:51:47,117,Screen,2,1314.17,West
828,2025-11-05 13:29:15,40,Laptop,5,331.4,West
829,2025-09-17 23:51:01,159,Webcam,5,599.95,East
830,2025-09-16 06:34:49,171,Keyboard,4,1422.07,East
831,2025-09-04 04:28:44,64,Mouse,5,453.52,East
832,2025-11-12 05:26:29,45,Screen,3,926.45,East
833,2025-11-09 03:58:53,56,Screen,1,1596.15,West
834,2025-09-19 22:19:23,159,Keyboard,2,774.62,North
835,2025-09-25 07:48:14,154,Keyboard,3,277.99,North
836,2025-09-16 16:46:59,19,Keyboard,3,1451.09,North
837,2025-09-05 13:39:27,14,Mouse,3,514.13,West
838,2025-08-27 00:04:35,178,Laptop,4,983.66,South
839,2025-08-24 14:01:18,168,Laptop,5,690.04,East
840,2025-10-01 02:55:28,22,Webcam,4,1050.28,West
841,2025-10-28 18:47:30,167,Laptop,5,859.5,West
842,2025-09-27 07:05:37,95,Laptop,3,204.93,East
843,2025-09-21 14:42:32,167,Webcam,4,1347.86,North
844,2025-08-27 22:01:22,67,Webcam,6,211.98,North
845,2025-10-22 16:37:36,43,Mouse,2,407.79,West
846,2025-10-25 11:41:57,23,Screen,6,1098.28,South
847,2025-09-27 22:35:11,1,Mouse,4,845.5,North
848,2025-11-10 06:16:49,54,Laptop,3,967.06,North
849,2025-09-12 05:09:36,67,Keyboard,3,1374.08,West
850,2025-09-24 06:37:21,77,Screen,6,98.3,East
851,2025-09-12 17:30:07,190,Laptop,2,338.36,West
852,2025-10-15 16:45:58,48,Mouse,4,162.99,North
853,2025-09-24 20:22:00,122,Laptop,5,1482.71,West
854,2025-09-11 18:07:05,186,Laptop,3,1415.03,East
855,2025-08-25 15:58:31,144,Webcam,4,1332.56,East
856,2025-10-07 19:44:33,58,Mouse,3,1480.87,West
857,2025-10-07 22:02:14,108,Mouse,1,816.2,West
858,2025-10-03 17:50:41,112,Webcam,5,1556.48,North
859,2025-10-12 12:56:46,109,Screen,2,319.34,East
860,2025-10-25 13:43:00,17,Mouse,1,1081.39,North
861,2025-10-08 06:14:47,31,Mouse,4,281.53,North
862,2025-09-27 01:04:50,184,Webcam,3,674.69,South
863,2025-10-24 22:25:53,67,Webcam,2,754.44,South
864,2025-10-21 00:28:19,116,Keyboard,4,1109.93,North
865,2025-10-18 03:59:26,159,Screen,1,583.23,East
866,2025-10-14 19:30:24,73,Webcam,4,730.78,West
867,2025-09-20 05:54:55,12,Mouse,1,1124.87,South
868,2025-10-04 18:14:03,43,Webcam,5,892.98,West
869,2025-09-18 05:16:53,132,Webcam,4,1108.45,East
870,2025-11-06 14:29:12,54,Screen,5,1537.64,North
871,2025-09-23 05:17:14,125,Laptop,5,134.56,North
872,2025-09-29 23:55:48,100,Mouse,4,966.06,North
873,2025-09-20 06:13:08,21,Webcam,5,1411.17,West
874,2025-10-29 03:32:07,47,Webcam,3,399.87,South
875,2025-10-27 15:17:11,173,Webcam,5,1338.56,North
876,2025-09-08 03:58:45,73,Mouse,6,1397.58,East
877,2025-09-06 07:12:07,9,Laptop,5,712.64,South
878,2025-10-01 18:07:19,101,Screen,3,1368.42,North
879,2025-09-11 12:32:00,36,Screen,4,1555.12,North
880,2025-10-01 21:41:34,14,Keyboard,6,1519.19,North
881,2025-09-12 03:30:16,21,Keyboard,6,636.82,East
882,2025-08-27 06:22:22,131,Keyboard,6,228.79,South
883,2025-08-19 07:59:00,93,Mouse,1,843.44,West
884,2025-08-24 03:13:14,194,Screen,3,136.73,East
885,2025-09-08 15:05:35,86,Screen,4,916.36,West
886,2025-10-01 01:50:07,100,Mouse,6,1146.28,East
887,2025-10-24 20:45:11,87,Webcam,5,335.55,East
888,2025-10-09 08:34:57,68,Mouse,5,1356.04,North
889,2025-10-11 23:16:57,161,Screen,2,416.47,West
890,2025-10-31 17:28:08,184,Screen,5,229.09,South
891,2025-09-12 06:31:30,145,Screen,5,817.39,West
892,2025-11-09 21:37:41,28,Screen,6,1530.95,South
893,2025-10-31 11:36:19,183,Laptop,4,392.26,East
894,2025-08-16 20:15:22,148,Screen,2,1543.39,South
895,2025-09-24 12:09:52,74,Mouse,1,930.86,North
896,2025-09-29 08:55:02,53,Webcam,3,1388.29,South
897,2025-10-24 14:37:37,147,Webcam,2,588.66,West
898,2025-08-28 02:00:06,70,Screen,6,1124.37,West
899,2025-09-10 04:27:38,84,Keyboard,4,1133.46,West
900,2025-09-13 10:55:23,135,Screen,5,357.65,South
901,2025-08-23 22:17:13,126,Webcam,3,1560.62,West
902,2025-09-30 01:26:31,179,Laptop,6,1599.38,East
903,2025-10-07 00:13:28,80,Screen,6,1499.92,North
904,2025-10-21 14:00:57,140,Laptop,4,1533.07,East
905,2025-08-18 18:40:55,37,Laptop,4,1200.68,West
906,2025-09-22 01:59:47,61,Keyboard,1,15.21,South
907,2025-10-22 23:57:17,16,Screen,2,110.69,East
908,2025-09-06 11:52:00,82,Mouse,5,1000.76,North
909,2025-10-07 14:19:52,48,Laptop,3,1593.54,East
910,2025-10-07 21:26:48,92,Screen,4,396.26,South
911,2025-10-13 10:31:40,180,Mouse,5,1427.05,West
912,2025-10-06 21:50:01,42,Laptop,4,313.4,West
913,2025-09-15 00:07:21,4,Keyboard,1,1436.79,North
914,2025-09-04 08:28:32,91,Webcam,1,1110.91,North
915,2025-11-11 08:08:58,64,Mouse,1,1163.64,West
916,2025-09-25 01:05:54,84,Laptop,5,434.7,South
917,2025-09-11 07:00:12,23,Laptop,4,509.78,West
918,2025-10-17 06:03:44,199,Laptop,6,125.84,North
919,2025-09-24 15:51:23,106,Webcam,1,302.96,South
920,2025-09-25 06:43:46,119,Laptop,3,987.23,North
921,2025-09-25 23:22:07,169,Laptop,4,147.32,North
922,2025-09-10 12:03:52,42,Mouse,2,275.02,North
923,2025-10-14 00:30:17,7,Keyboard,2,264.05,East
924,2025-09-28 05:05:13,183,Screen,1,127.08,West
925,2025-10-10 10:44:02,59,Screen,1,1297.2,South
926,2025-08-28 21:45:05,89,Mouse,2,1438.09,West
927,2025-09-02 06:27:34,104,Laptop,4,1395.0,South
928,2025-11-03 02:09:29,79,Laptop,5,919.86,North
929,2025-09-18 18:35:26,198,Laptop,1,299.15,East
930,2025-11-03 09:34:40,25,Screen,4,335.68,West
931,2025-09-08 20:19:48,156,Laptop,2,288.86,West
932,2025-08-26 07:16:46,123,Mouse,5,729.5,North
933,2025-09-25 21:51:46,160,Screen,2,1094.45,North
934,2025-11-01 11:18:45,83,Screen,6,71.45,East
935,2025-09-25 04:56:06,37,Screen,2,1586.58,South
936,2025-10-11 07:54:49,111,Screen,3,1412.13,East
937,2025-08-31 13:03:34,4,Laptop,1,1047.64,West
938,2025-08-18 06:52:44,178,Mouse,2,1394.43,West
939,2025-09-10 11:42:08,83,Webcam,4,748.14,North
940,2025-09-17 15:18:39,76,Screen,4,1087.55,East
941,2025-10-15 15:03:50,21,Laptop,2,914.24,North
942,2025-09-08 12:13:40,121,Laptop,1,1153.58,East
943,2025-10-30 14:14:01,15,Laptop,1,745.44,North
944,2025-09-26 08:50:08,43,Laptop,4,996.65,North
945,2025-11-11 01:03:30,39,Keyboard,1,717.28,West
946,2025-11-04 19:19:57,158,Laptop,1,1151.59,South
947,2025-08-24 19:18:03,125,Webcam,2,51.28,East
948,2025-11-04 00:38:38,34,Laptop,4,348.12,North
949,2025-08-29 14:07:02,57,Mouse,3,378.76,West
950,2025-08-17 22:41:11,40,Webcam,6,316.17,South
951,2025-09-01 10:09:59,142,Screen,2,513.39,West
952,2025-11-10 02:10:06,8,Keyboard,4,777.34,North
953,2025-10-18 15:22:46,71,Mouse,2,1481.09,East
954,2025-09-26 08:34:34,98,Screen,2,478.88,South
955,2025-10-23 06:31:57,133,Laptop,1,1560.26,South
956,2025-10-31 04:46:50,136,Keyboard,6,1163.66,South
957,2025-08-17 04:30:52,135,Laptop,3,823.14,West
958,2025-11-08 12:44:38,190,Webcam,6,343.18,East
959,2025-08-25 11:45:35,21,Keyboard,6,1470.07,South
960,2025-11-04 09:41:40,52,Keyboard,5,371.59,South
961,2025-10-31 03:21:03,108,Mouse,1,802.49,West
962,2025-09-24 21:44:44,25,Keyboard,6,541.3,West
963,2025-09-18 11:52:45,51,Keyboard,5,32.61,West
964,2025-09-09 21:16:46,89,Laptop,3,208.32,North
965,2025-11-08 04:43:27,88,Mouse,6,727.71,South
966,2025-10-04 13:19:46,196,Mouse,4,1097.98,West
967,2025-10-13 06:54:12,126,Keyboard,2,1071.31,South
968,2025-08-29 20:05:10,3,Laptop,2,725.0,West
969,2025-09-13 08:03:11,18,Screen,4,1429.06,East
970,2025-09-17 10:40:02,118,Webcam,1,1112.46,West
971,2025-09-11 13:06:27,161,Webcam,2,854.76,South
972,2025-11-09 05:40:52,144,Webcam,3,1328.42,South
973,2025-10-10 23:00:26,57,Webcam,3,831.82,East
974,2025-09-06 21:54:19,189,Webcam,2,1539.44,West
975,2025-08-31 07:17:38,78,Keyboard,2,552.31,West
976,2025-11-12 19:21:13,62,Keyboard,4,896.58,North
977,2025-09-12 13:57:32,10,Keyboard,2,1272.24,North
978,2025-09-15 07:32:14,194,Screen,5,161.41,North
979,2025-08-29 21:30:51,24,Webcam,5,81.49,North
980,2025-09-30 14:10:47,121,Screen,6,839.67,North
981,2025-08-21 19:08:39,170,Laptop,2,1443.39,North
982,2025-08-25 19:21:52,154,Webcam,5,1119.67,West
983,2025-09-13 01:33:41,120,Keyboard,3,1535.17,South
984,2025-08-24 13:37:06,15,Webcam,1,510.97,East
985,2025-10-30 12:54:16,56,Mouse,6,20.3,West
986,2025-09-14 12:09:06,197,Screen,3,101.95,North
987,2025-10-24 00:56:40,102,Mouse,4,192.31,East
988,2025-11-10 19:50:02,184,Webcam,5,235.51,West
989,2025-08-17 21:16:31,130,Laptop,5,480.86,North
990,2025-11-06 07:27:06,123,Keyboard,4,849.23,South
991,2025-09-02 21:42:24,155,Webcam,3,1166.17,West
992,2025-11-10 15:32:13,80,Keyboard,1,1426.91,West
993,2025-11-09 13:56:56,136,Screen,2,891.54,South
994,2025-09-22 19:55:42,151,Screen,5,208.98,East
995,2025-11-11 16:58:08,153,Screen,4,458.62,North
996,2025-11-06 14:08:43,68,Keyboard,6,957.22,East
997,2025-11-11 08:18:46,200,Mouse,4,1325.21,East
998,2025-11-07 23:28:57,172,Screen,5,1098.26,East
999,2025-09-12 10:05:38,122,Mouse,5,1211.14,South
1000,2025-09-16 06:07:49,189,Webcam,2,209.96,South
