sale_id,date,client_id,product,quantity,unit_price,region,total_sales,year,month,day,sales_category
1,2025-10-29 10:49:36,72,Keyboard,4,93.33,North,373.32,2025,10,Wednesday,Medium
2,2025-10-09 08:42:42,103,Webcam,5,1546.39,South,7731.950000000001,2025,10,Thursday,Big
3,2025-08-28 06:53:15,160,Mouse,6,623.17,East,3739.0199999999995,2025,8,Thursday,Big
4,2025-10-17 14:48:22,105,Screen,2,87.67,North,175.34,2025,10,Friday,Medium
5,2025-09-08 15:41:43,39,Laptop,2,965.95,North,1931.9,2025,9,Monday,Big
6,2025-09-10 14:03:51,76,Keyboard,5,649.53,South,3247.6499999999996,2025,9,Wednesday,Big
7,2025-09-05 14:27:50,114,Screen,2,573.29,North,1146.58,2025,9,Friday,Big
8,2025-11-03 06:35:05,172,Screen,6,307.08,South,1842.48,2025,11,Monday,Big
9,2025-11-01 18:45:48,188,Laptop,6,249.64,South,1497.84,2025,11,Saturday,Big
10,2025-10-10 20:06:53,173,Mouse,4,1566.85,East,6267.4,2025,10,Friday,Big
11,2025-11-05 14:29:10,40,Webcam,3,396.33,North,1188.99,2025,11,Wednesday,Big
12,2025-08-19 02:59:50,134,Laptop,5,766.64,West,3833.2,2025,8,Tuesday,Big
13,2025-10-07 08:24:22,132,Mouse,5,231.57,North,1157.85,2025,10,Tuesday,Big
14,2025-10-06 07:59:07,76,Mouse,2,1197.28,South,2394.56,2025,10,Monday,Big
15,2025-10-21 18:52:19,62,Webcam,2,1387.79,South,2775.58,2025,10,Tuesday,Big
16,2025-11-07 12:21:17,117,Screen,3,1177.7,North,3533.1000000000004,2025,11,Friday,Big
17,2025-10-31 20:42:33,88,Screen,2,771.11,South,1542.22,2025,10,Friday,Big
18,2025-09-14 03:37:22,1,Screen,3,1108.17,West,3324.51,2025,9,Sunday,Big
19,2025-11-02 13:06:03,180,Keyboard,3,1232.01,North,3696.0299999999997,2025,11,Sunday,Big
20,2025-09-03 17:13:53,94,Mouse,5,1255.59,South,6277.95,2025,9,Wednesday,Big
21,2025-09-21 04:50:12,150,Webcam,3,1180.52,South,3541.56,2025,9,Sunday,Big
22,2025-10-06 22:09:42,18,Keyboard,4,761.02,North,3044.08,2025,10,Monday,Big
23,2025-11-12 14:45:46,139,Keyboard,2,1111.8,South,2223.6,2025,11,Wednesday,Big
24,2025-09-30 23:57:51,34,Keyboard,2,1118.94,North,2237.88,2025,9,Tuesday,Big
25,2025-08-31 10:24:24,77,Webcam,6,91.24,East,547.4399999999999,2025,8,Sunday,Big
26,2025-08-20 17:01:09,115,Webcam,3,224.55,North,673.6500000000001,2025,8,Wednesday,Big
27,2025-09-08 06:22:06,3,Keyboard,4,40.27,North,161.08,2025,9,Monday,Medium
28,2025-09-28 04:59:29,33,Mouse,2,404.69,South,809.38,2025,9,Sunday,Big
29,2025-08-27 12:54:26,7,Screen,5,528.86,West,2644.3,2025,8,Wednesday,Big
30,2025-09-07 22:40:36,159,Laptop,1,277.9,West,277.9,2025,9,Sunday,Medium
31,2025-09-21 19:41:49,59,Webcam,5,612.31,West,3061.5499999999997,2025,9,Sunday,Big
32,2025-08-26 21:59:43,119,Mouse,4,1263.78,North,5055.12,2025,8,Tuesday,Big
33,2025-11-12 00:16:51,187,Mouse,1,369.96,North,369.96,2025,11,Wednesday,Medium
34,2025-10-21 09:28:27,61,Keyboard,6,217.16,South,1302.96,2025,10,Tuesday,Big
35,2025-09-17 19:20:38,84,Mouse,1,1511.78,East,1511.78,2025,9,Wednesday,Big
36,2025-08-18 12:36:16,18,Screen,4,472.65,West,1890.6,2025,8,Monday,Big
37,2025-10-11 09:34:13,119,Webcam,1,1299.82,South,1299.82,2025,10,Saturday,Big
38,2025-10-22 21:33:32,64,Screen,5,149.85,East,749.25,2025,10,Wednesday,Big
39,2025-11-05 00:56:05,137,Keyboard,5,266.35,South,1331.75,2025,11,Wednesday,Big
40,2025-08-22 11:26:01,87,Mouse,5,66.53,West,332.65,2025,8,Friday,Medium
41,2025-10-24 02:34:46,195,Keyboard,2,497.25,East,994.5,2025,10,Friday,Big
42,2025-09-14 18:21:53,184,Webcam,2,834.89,West,1669.78,2025,9,Sunday,Big
43,2025-10-20 11:49:06,89,Keyboard,6,1531.55,North,9189.3,2025,10,Monday,Big
44,2025-09-18 09:13:10,193,Webcam,3,1563.71,East,4691.13,2025,9,Thursday,Big
45,2025-11-03 23:04:02,159,Keyboard,4,313.95,North,1255.8,2025,11,Monday,Big
46,2025-10-18 11:34:23,145,Webcam,2,404.24,West,808.48,2025,10,Saturday,Big
47,2025-11-02 16:35:54,184,Keyboard,1,1083.94,South,1083.94,2025,11,Sunday,Big
48,2025-08-15 21:07:09,15,Mouse,3,775.79,West,2327.37,2025,8,Friday,Big
49,2025-08-27 15:48:51,118,Laptop,3,236.65,East,709.95,2025,8,Wednesday,Big
50,2025-11-10 08:36:27,36,Keyboard,5,488.77,East,2443.85,2025,11,Monday,Big
51,2025-09-13 19:51:54,6,Screen,4,654.42,South,2617.68,2025,9,Saturday,Big
52,2025-11-02 03:11:43,85,Laptop,2,1057.93,East,2115.86,2025,11,Sunday,Big
53,2025-09-10 07:26:21,172,Screen,1,395.02,South,395.02,2025,9,Wednesday,Medium
54,2025-10-31 01:01:43,136,Keyboard,6,1309.11,East,7854.66,2025,10,Friday,Big
55,2025-10-19 08:46:20,90,Webcam,6,1378.72,South,8272.32,2025,10,Sunday,Big
56,2025-10-17 15:44:18,98,Laptop,1,414.76,North,414.76,2025,10,Friday,Medium
57,2025-08-16 04:42:54,154,Webcam,1,1390.71,West,1390.71,2025,8,Saturday,Big
58,2025-09-03 05:23:50,129,Screen,4,338.64,West,1354.56,2025,9,Wednesday,Big
59,2025-10-07 16:35:17,157,Laptop,1,777.12,East,777.12,2025,10,Tuesday,Big
60,2025-09-13 03:45:47,15,Screen,3,796.67,South,2390.0099999999998,2025,9,Saturday,Big
61,2025-10-10 10:35:57,17,Laptop,1,585.74,West,585.74,2025,10,Friday,Big
62,2025-10-26 21:33:45,79,Laptop,4,351.14,North,1404.56,2025,10,Sunday,Big
63,2025-09-03 12:14:34,135,Screen,2,296.17,South,592.34,2025,9,Wednesday,Big
64,2025-09-19 05:01:20,21,Laptop,4,135.08,South,540.32,2025,9,Friday,Big
65,2025-09-22 15:51:31,170,Screen,6,1080.26,East,6481.5599999999995,2025,9,Monday,Big
66,2025-10-06 01:37:38,20,Laptop,2,1246.69,East,2493.38,2025,10,Monday,Big
67,2025-09-05 15:17:24,117,Mouse,4,1404.69,West,5618.76,2025,9,Friday,Big
68,2025-09-19 06:22:43,43,Keyboard,1,1103.83,West,1103.83,2025,9,Friday,Big
69,2025-09-06 16:00:01,140,Mouse,4,1451.69,North,5806.76,2025,9,Saturday,Big
70,2025-09-07 08:45:42,45,Screen,3,936.05,North,2808.1499999999996,2025,9,Sunday,Big
71,2025-10-04 09:51:30,80,Webcam,5,434.01,North,2170.05,2025,10,Saturday,Big
72,2025-08-29 02:22:55,164,Keyboard,4,1266.31,East,5065.24,2025,8,Friday,Big
73,2025-10-05 14:40:12,102,Webcam,2,1302.2,South,2604.4,2025,10,Sunday,Big
74,2025-09-22 11:36:06,72,Screen,3,132.05,North,396.15000000000003,2025,9,Monday,Medium
75,2025-09-18 09:48:27,181,Laptop,4,1369.23,North,5476.92,2025,9,Thursday,Big
76,2025-10-19 20:50:34,142,Laptop,5,1351.62,East,6758.099999999999,2025,10,Sunday,Big
77,2025-10-06 06:40:38,60,Keyboard,6,1390.38,South,8342.28,2025,10,Monday,Big
78,2025-10-18 08:59:26,142,Keyboard,2,1344.2,East,2688.4,2025,10,Saturday,Big
79,2025-10-10 15:23:01,30,Webcam,4,1385.84,South,5543.36,2025,10,Friday,Big
80,2025-10-29 23:27:50,165,Mouse,6,1236.92,North,7421.52,2025,10,Wednesday,Big
81,2025-09-10 20:25:13,119,Mouse,6,494.74,West,2968.44,2025,9,Wednesday,Big
82,2025-09-06 07:49:29,148,Mouse,5,793.06,East,3965.2999999999997,2025,9,Saturday,Big
83,2025-10-12 09:48:19,90,Mouse,5,1426.12,North,7130.599999999999,2025,10,Sunday,Big
84,2025-10-29 21:39:59,22,Keyboard,2,1104.81,East,2209.62,2025,10,Wednesday,Big
85,2025-08-22 02:59:45,113,Mouse,5,1425.41,South,7127.05,2025,8,Friday,Big
86,2025-08-23 18:01:07,60,Screen,2,1424.4,North,2848.8,2025,8,Saturday,Big
87,2025-09-20 14:05:48,163,Keyboard,6,965.88,West,5795.28,2025,9,Saturday,Big
88,2025-10-29 11:11:13,66,Keyboard,1,1128.05,East,1128.05,2025,10,Wednesday,Big
89,2025-09-17 22:07:54,181,Webcam,2,189.74,West,379.48,2025,9,Wednesday,Medium
90,2025-09-01 20:08:43,112,Keyboard,6,676.32,South,4057.92,2025,9,Monday,Big
91,2025-11-07 06:28:28,140,Screen,1,1568.93,South,1568.93,2025,11,Friday,Big
92,2025-10-03 08:40:03,74,Screen,1,527.36,East,527.36,2025,10,Friday,Big
93,2025-09-12 03:38:36,142,Screen,3,813.54,West,2440.62,2025,9,Friday,Big
94,2025-08-18 18:22:33,181,Laptop,1,668.42,East,668.42,2025,8,Monday,Big
95,2025-09-17 20:01:57,64,Screen,6,181.86,South,1091.16,2025,9,Wednesday,Big
96,2025-11-07 04:56:58,43,Screen,3,106.8,East,320.4,2025,11,Friday,Medium
97,2025-09-04 19:22:45,151,Laptop,4,1232.57,West,4930.28,2025,9,Thursday,Big
98,2025-11-03 04:06:11,33,Keyboard,6,1355.34,West,8132.039999999999,2025,11,Monday,Big
99,2025-11-09 11:11:02,115,Keyboard,5,49.96,West,249.8,2025,11,Sunday,Medium
100,2025-08-28 04:28:27,94,Laptop,3,916.34,West,2749.02,2025,8,Thursday,Big
101,2025-11-05 16:39:14,41,Webcam,3,1230.89,South,3692.67,2025,11,Wednesday,Big
102,2025-10-19 04:18:43,161,Webcam,4,606.12,East,2424.48,2025,10,Sunday,Big
103,2025-10-14 12:00:18,79,Screen,1,711.02,West,711.02,2025,10,Tuesday,Big
104,2025-09-26 22:16:45,42,Laptop,6,1548.24,South,9289.44,2025,9,Friday,Big
105,2025-10-27 22:44:33,38,Webcam,3,1013.46,East,3040.38,2025,10,Monday,Big
106,2025-09-26 18:02:03,72,Mouse,5,1019.19,East,5095.950000000001,2025,9,Friday,Big
107,2025-09-07 17:46:07,111,Webcam,6,1349.75,South,8098.5,2025,9,Sunday,Big
108,2025-11-06 08:20:47,88,Webcam,1,1135.99,South,1135.99,2025,11,Thursday,Big
109,2025-11-12 09:59:24,140,Mouse,5,1135.8,West,5679.0,2025,11,Wednesday,Big
110,2025-08-27 23:32:50,177,Screen,1,762.17,South,762.17,2025,8,Wednesday,Big
111,2025-11-12 17:54:45,142,Screen,4,818.39,South,3273.56,2025,11,Wednesday,Big
112,2025-11-07 06:33:49,53,Screen,1,1455.81,East,1455.81,2025,11,Friday,Big
113,2025-08-28 11:07:26,101,Screen,2,1175.97,North,2351.94,2025,8,Thursday,Big
114,2025-10-18 09:38:46,60,Laptop,3,336.87,South,1010.61,2025,10,Saturday,Big
115,2025-09-07 00:14:40,140,Laptop,2,372.02,North,744.04,2025,9,Sunday,Big
116,2025-09-05 11:38:42,66,Laptop,5,1233.65,West,6168.25,2025,9,Friday,Big
117,2025-11-11 02:13:54,173,Keyboard,2,1355.51,East,2711.02,2025,11,Tuesday,Big
118,2025-10-30 13:53:59,130,Laptop,5,576.42,East,2882.1,2025,10,Thursday,Big
119,2025-10-30 19:40:11,127,Laptop,3,1517.28,West,4551.84,2025,10,Thursday,Big
120,2025-10-10 14:20:35,108,Laptop,2,159.39,East,318.78,2025,10,Friday,Medium
121,2025-11-05 19:40:21,41,Mouse,5,389.36,South,1946.8000000000002,2025,11,Wednesday,Big
122,2025-11-08 23:42:06,13,Keyboard,2,510.3,South,1020.6,2025,11,Saturday,Big
123,2025-11-05 18:39:37,25,Keyboard,1,453.39,South,453.39,2025,11,Wednesday,Medium
124,2025-10-26 09:12:05,6,Laptop,5,756.24,North,3781.2,2025,10,Sunday,Big
125,2025-10-12 15:08:50,163,Screen,2,191.31,West,382.62,2025,10,Sunday,Medium
126,2025-10-29 16:48:00,180,Mouse,6,593.3,West,3559.7999999999997,2025,10,Wednesday,Big
127,2025-08-15 17:10:36,139,Webcam,6,733.65,West,4401.9,2025,8,Friday,Big
128,2025-10-28 04:28:46,186,Mouse,5,670.77,North,3353.85,2025,10,Tuesday,Big
129,2025-10-17 19:18:14,32,Keyboard,1,1286.45,North,1286.45,2025,10,Friday,Big
130,2025-10-05 01:53:49,134,Keyboard,3,1237.92,West,3713.76,2025,10,Sunday,Big
131,2025-09-16 17:40:30,112,Laptop,3,828.0,East,2484.0,2025,9,Tuesday,Big
132,2025-09-19 04:33:09,82,Webcam,4,1195.2,West,4780.8,2025,9,Friday,Big
133,2025-09-25 04:08:05,102,Screen,3,1236.43,East,3709.29,2025,9,Thursday,Big
134,2025-09-03 12:19:28,67,Webcam,1,1542.72,North,1542.72,2025,9,Wednesday,Big
135,2025-09-28 09:29:32,43,Mouse,4,499.24,North,1996.96,2025,9,Sunday,Big
136,2025-09-27 07:05:14,118,Mouse,1,991.39,South,991.39,2025,9,Saturday,Big
137,2025-09-19 19:38:09,159,Screen,4,1411.52,West,5646.08,2025,9,Friday,Big
138,2025-09-14 21:38:40,197,Mouse,2,1494.0,North,2988.0,2025,9,Sunday,Big
139,2025-09-21 20:02:14,105,Laptop,3,1110.56,North,3331.68,2025,9,Sunday,Big
140,2025-09-15 19:58:40,150,Keyboard,4,1110.35,South,4441.4,2025,9,Monday,Big
141,2025-09-19 11:50:13,141,Mouse,4,80.56,East,322.24,2025,9,Friday,Medium
142,2025-10-16 14:43:54,54,Screen,1,232.97,West,232.97,2025,10,Thursday,Medium
143,2025-11-07 11:06:32,82,Keyboard,4,1029.19,North,4116.76,2025,11,Friday,Big
144,2025-11-03 08:58:56,49,Mouse,5,727.84,East,3639.2000000000003,2025,11,Monday,Big
145,2025-08-17 21:02:08,187,Webcam,1,1391.91,East,1391.91,2025,8,Sunday,Big
146,2025-11-05 22:35:12,137,Mouse,1,1136.58,West,1136.58,2025,11,Wednesday,Big
147,2025-10-14 18:49:57,142,Laptop,1,622.21,North,622.21,2025,10,Tuesday,Big
148,2025-09-19 01:15:31,162,Webcam,4,47.0,West,188.0,2025,9,Friday,Medium
149,2025-10-16 21:08:43,150,Laptop,5,732.08,South,3660.4,2025,10,Thursday,Big
150,2025-09-16 19:08:58,73,Laptop,2,335.3,East,670.6,2025,9,Tuesday,Big
151,2025-10-08 13:44:57,61,Mouse,4,1437.71,North,5750.84,2025,10,Wednesday,Big
152,2025-08-25 20:14:11,46,Mouse,5,269.11,East,1345.5500000000002,2025,8,Monday,Big
153,2025-10-08 23:04:16,134,Screen,2,1197.01,West,2394.02,2025,10,Wednesday,Big
154,2025-10-08 20:26:58,173,Webcam,4,52.39,West,209.56,2025,10,Wednesday,Medium
155,2025-10-19 14:06:02,48,Webcam,6,1327.39,West,7964.34,2025,10,Sunday,Big
156,2025-10-01 03:22:38,44,Mouse,5,1208.76,East,6043.8,2025,10,Wednesday,Big
157,2025-09-28 02:38:41,152,Laptop,2,317.79,East,635.58,2025,9,Sunday,Big
158,2025-09-03 15:37:38,106,Screen,4,634.27,South,2537.08,2025,9,Wednesday,Big
159,2025-09-20 23:54:38,97,Mouse,5,627.24,South,3136.2,2025,9,Saturday,Big
160,2025-08-27 00:49:06,141,Laptop,3,365.71,West,1097.1299999999999,2025,8,Wednesday,Big
161,2025-11-07 11:46:21,171,Mouse,4,1037.76,North,4151.04,2025,11,Friday,Big
162,2025-09-12 16:34:20,58,Keyboard,4,1468.75,West,5875.0,2025,9,Friday,Big
163,2025-09-28 14:32:32,134,Laptop,2,122.31,West,244.62,2025,9,Sunday,Medium
164,2025-09-26 00:52:43,97,Mouse,2,439.83,South,879.66,2025,9,Friday,Big
165,2025-09-04 07:36:30,13,Webcam,4,1491.08,West,5964.32,2025,9,Thursday,Big
166,2025-10-08 20:08:42,123,Mouse,3,1296.2,South,3888.6000000000004,2025,10,Wednesday,Big
167,2025-09-15 02:56:13,21,Mouse,4,158.87,North,635.48,2025,9,Monday,Big
168,2025-10-13 06:11:33,157,Laptop,6,824.14,West,4944.84,2025,10,Monday,Big
169,2025-08-28 16:52:20,150,Keyboard,3,1516.0,East,4548.0,2025,8,Thursday,Big
170,2025-10-07 09:04:44,65,Webcam,1,98.51,West,98.51,2025,10,Tuesday,Small
171,2025-09-19 03:38:37,124,Screen,5,115.46,East,577.3,2025,9,Friday,Big
172,2025-09-26 06:14:24,44,Webcam,2,110.39,South,220.78,2025,9,Friday,Medium
173,2025-10-20 15:18:16,123,Screen,3,1342.55,North,4027.6499999999996,2025,10,Monday,Big
174,2025-11-09 13:14:26,174,Mouse,5,321.88,South,1609.4,2025,11,Sunday,Big
175,2025-08-19 23:46:14,86,Screen,1,1021.2,North,1021.2,2025,8,Tuesday,Big
176,2025-08-29 01:28:37,105,Screen,5,1173.48,South,5867.4,2025,8,Friday,Big
177,2025-09-03 03:33:21,126,Webcam,1,955.27,West,955.27,2025,9,Wednesday,Big
178,2025-10-04 15:27:54,155,Laptop,5,464.48,East,2322.4,2025,10,Saturday,Big
179,2025-09-18 13:23:54,173,Mouse,6,250.76,North,1504.56,2025,9,Thursday,Big
180,2025-11-05 17:15:33,9,Keyboard,2,593.66,North,1187.32,2025,11,Wednesday,Big
181,2025-10-16 18:33:43,6,Keyboard,6,1285.41,East,7712.460000000001,2025,10,Thursday,Big
182,2025-09-23 05:37:17,163,Webcam,5,1315.87,North,6579.349999999999,2025,9,Tuesday,Big
183,2025-09-22 10:21:55,187,Keyboard,3,681.39,East,2044.17,2025,9,Monday,Big
184,2025-11-08 21:44:46,48,Laptop,3,434.4,North,1303.1999999999998,2025,11,Saturday,Big
185,2025-09-28 08:30:50,14,Webcam,4,642.92,North,2571.68,2025,9,Sunday,Big
186,2025-09-16 17:11:42,189,Mouse,2,930.51,West,1861.02,2025,9,Tuesday,Big
187,2025-08-21 19:02:05,148,Webcam,2,518.73,West,1037.46,2025,8,Thursday,Big
188,2025-10-06 16:24:23,185,Laptop,2,37.82,North,75.64,2025,10,Monday,Small
189,2025-09-05 10:13:41,111,Mouse,5,514.36,South,2571.8,2025,9,Friday,Big
190,2025-10-02 20:05:47,151,Webcam,3,884.72,East,2654.16,2025,10,Thursday,Big
191,2025-09-02 03:29:24,185,Mouse,2,151.27,East,302.54,2025,9,Tuesday,Medium
192,2025-09-19 15:45:41,134,Webcam,1,598.9,South,598.9,2025,9,Friday,Big
193,2025-08-18 18:38:15,48,Screen,3,992.02,East,2976.06,2025,8,Monday,Big
194,2025-08-30 01:53:49,76,Webcam,3,1385.21,North,4155.63,2025,8,Saturday,Big
195,2025-09-12 16:58:50,182,Laptop,5,443.27,East,2216.35,2025,9,Friday,Big
196,2025-09-11 17:56:54,173,Screen,2,470.24,East,940.48,2025,9,Thursday,Big
197,2025-09-25 03:55:11,5,Keyboard,2,1358.97,East,2717.94,2025,9,Thursday,Big
198,2025-09-02 00:46:53,169,Keyboard,5,676.69,North,3383.4500000000003,2025,9,Tuesday,Big
199,2025-10-18 06:25:50,137,Webcam,1,590.23,West,590.23,2025,10,Saturday,Big
200,2025-09-29 06:58:21,15,Mouse,1,650.37,North,650.37,2025,9,Monday,Big
201,2025-10-07 16:15:59,167,Mouse,4,673.77,South,2695.08,2025,10,Tuesday,Big
202,2025-09-20 08:09:38,159,Keyboard,5,301.59,West,1507.9499999999998,2025,9,Saturday,Big
203,2025-08-28 12:57:15,100,Keyboard,3,435.86,West,1307.58,2025,8,Thursday,Big
204,2025-09-12 04:28:24,79,Laptop,1,1126.39,West,1126.39,2025,9,Friday,Big
205,2025-10-17 15:43:16,79,Laptop,6,1264.52,East,7587.12,2025,10,Friday,Big
206,2025-10-30 15:04:04,56,Mouse,5,181.45,West,907.25,2025,10,Thursday,Big
207,2025-09-29 06:00:58,74,Laptop,1,741.31,South,741.31,2025,9,Monday,Big
208,2025-10-15 09:16:38,19,Screen,2,873.51,South,1747.02,2025,10,Wednesday,Big
209,2025-09-02 16:18:22,149,Keyboard,2,1494.42,South,2988.84,2025,9,Tuesday,Big
210,2025-09-26 21:36:35,105,Laptop,6,924.35,South,5546.1,2025,9,Friday,Big
211,2025-10-10 02:40:06,66,Mouse,1,200.15,West,200.15,2025,10,Friday,Medium
212,2025-10-21 13:53:00,170,Mouse,2,795.04,East,1590.08,2025,10,Tuesday,Big
213,2025-11-12 13:53:34,153,Screen,4,892.62,West,3570.48,2025,11,Wednesday,Big
214,2025-10-08 05:47:54,144,Laptop,2,1286.68,South,2573.36,2025,10,Wednesday,Big
215,2025-10-09 03:30:00,46,Keyboard,6,1188.44,West,7130.64,2025,10,Thursday,Big
216,2025-09-05 12:42:58,143,Mouse,3,1441.58,East,4324.74,2025,9,Friday,Big
217,2025-09-29 13:57:34,196,Keyboard,2,326.99,West,653.98,2025,9,Monday,Big
218,2025-08-20 11:53:38,52,Laptop,4,1536.45,West,6145.8,2025,8,Wednesday,Big
219,2025-08-16 21:34:30,33,Laptop,2,366.84,East,733.68,2025,8,Saturday,Big
220,2025-09-25 22:29:04,156,Keyboard,2,714.58,North,1429.16,2025,9,Thursday,Big
221,2025-08-20 06:57:26,138,Mouse,1,127.17,South,127.17,2025,8,Wednesday,Medium
222,2025-11-02 16:07:23,61,Mouse,6,1138.19,West,6829.14,2025,11,Sunday,Big
223,2025-08-30 19:42:59,75,Keyboard,2,1486.31,West,2972.62,2025,8,Saturday,Big
224,2025-09-15 19:23:21,185,Webcam,2,1121.97,West,2243.94,2025,9,Monday,Big
225,2025-11-03 05:59:50,195,Laptop,2,864.14,West,1728.28,2025,11,Monday,Big
226,2025-08-18 05:52:15,13,Laptop,4,672.42,East,2689.68,2025,8,Monday,Big
227,2025-10-27 22:52:38,69,Mouse,3,1187.5,South,3562.5,2025,10,Monday,Big
228,2025-10-04 18:29:15,30,Laptop,6,936.55,West,5619.299999999999,2025,10,Saturday,Big
229,2025-10-14 06:11:19,170,Keyboard,3,96.33,South,288.99,2025,10,Tuesday,Medium
230,2025-11-13 03:51:56,69,Mouse,4,243.9,East,975.6,2025,11,Thursday,Big
231,2025-09-27 20:15:16,58,Mouse,2,567.39,East,1134.78,2025,9,Saturday,Big
232,2025-11-03 04:22:19,86,Mouse,5,1424.23,North,7121.15,2025,11,Monday,Big
233,2025-10-26 10:17:13,110,Laptop,3,425.11,West,1275.33,2025,10,Sunday,Big
234,2025-10-21 11:27:42,132,Mouse,2,1088.21,North,2176.42,2025,10,Tuesday,Big
235,2025-09-04 09:47:34,196,Keyboard,3,1508.12,East,4524.36,2025,9,Thursday,Big
236,2025-09-28 15:07:29,162,Screen,6,882.9,South,5297.4,2025,9,Sunday,Big
237,2025-11-02 17:32:06,14,Laptop,2,747.97,East,1495.94,2025,11,Sunday,Big
238,2025-09-12 08:59:12,73,Webcam,2,755.09,North,1510.18,2025,9,Friday,Big
239,2025-09-14 15:39:26,148,Mouse,4,1430.43,North,5721.72,2025,9,Sunday,Big
240,2025-10-24 15:45:01,121,Webcam,3,1086.73,East,3260.19,2025,10,Friday,Big
241,2025-09-08 03:51:39,35,Screen,1,1207.38,West,1207.38,2025,9,Monday,Big
242,2025-09-27 00:25:04,59,Webcam,1,1120.29,East,1120.29,2025,9,Saturday,Big
243,2025-09-13 00:09:14,54,Laptop,5,1215.79,West,6078.95,2025,9,Saturday,Big
244,2025-10-04 23:37:21,77,Webcam,6,912.3,West,5473.799999999999,2025,10,Saturday,Big
245,2025-10-19 19:35:35,118,Mouse,4,1364.43,West,5457.72,2025,10,Sunday,Big
246,2025-10-26 12:39:36,178,Webcam,1,467.74,West,467.74,2025,10,Sunday,Medium
247,2025-11-07 14:33:37,47,Keyboard,3,296.73,West,890.19,2025,11,Friday,Big
248,2025-09-21 09:37:37,18,Keyboard,4,1406.89,South,5627.56,2025,9,Sunday,Big
249,2025-10-18 05:43:50,118,Mouse,3,185.68,North,557.04,2025,10,Saturday,Big
250,2025-11-06 12:50:15,140,Screen,1,670.51,North,670.51,2025,11,Thursday,Big
251,2025-10-21 15:15:43,86,Keyboard,3,135.93,West,407.79,2025,10,Tuesday,Medium
252,2025-08-26 10:13:29,19,Screen,1,107.1,West,107.1,2025,8,Tuesday,Medium
253,2025-09-10 19:03:25,88,Webcam,4,726.34,North,2905.36,2025,9,Wednesday,Big
254,2025-09-14 23:11:26,114,Mouse,4,70.33,South,281.32,2025,9,Sunday,Medium
255,2025-09-06 14:22:55,188,Laptop,6,1164.63,West,6987.780000000001,2025,9,Saturday,Big
256,2025-10-27 08:39:13,3,Screen,6,728.3,East,4369.799999999999,2025,10,Monday,Big
257,2025-09-06 23:16:38,34,Keyboard,6,221.22,East,1327.32,2025,9,Saturday,Big
258,2025-11-02 04:24:42,163,Keyboard,4,1429.02,West,5716.08,2025,11,Sunday,Big
259,2025-09-14 19:39:13,180,Screen,2,93.51,South,187.02,2025,9,Sunday,Medium
260,2025-08-16 19:21:35,163,Laptop,3,467.44,West,1402.32,2025,8,Saturday,Big
261,2025-08-15 12:51:54,40,Webcam,5,988.88,West,4944.4,2025,8,Friday,Big
262,2025-09-14 13:43:22,76,Screen,6,362.19,East,2173.14,2025,9,Sunday,Big
263,2025-10-29 20:11:20,128,Screen,4,679.83,North,2719.32,2025,10,Wednesday,Big
264,2025-09-16 21:12:43,126,Laptop,1,602.48,East,602.48,2025,9,Tuesday,Big
265,2025-11-02 15:24:32,111,Keyboard,5,905.22,South,4526.1,2025,11,Sunday,Big
266,2025-10-07 15:57:27,142,Webcam,3,1219.09,East,3657.2699999999995,2025,10,Tuesday,Big
267,2025-11-01 04:53:15,158,Mouse,2,953.15,South,1906.3,2025,11,Saturday,Big
268,2025-10-22 22:37:39,5,Laptop,5,836.62,East,4183.1,2025,10,Wednesday,Big
269,2025-08-28 07:25:49,120,Laptop,2,709.29,North,1418.58,2025,8,Thursday,Big
270,2025-08-30 04:24:15,103,Laptop,5,1130.21,West,5651.05,2025,8,Saturday,Big
271,2025-10-27 20:55:56,74,Keyboard,2,766.84,South,1533.68,2025,10,Monday,Big
272,2025-08-19 03:46:37,198,Keyboard,5,835.2,South,4176.0,2025,8,Tuesday,Big
273,2025-09-16 02:59:13,175,Mouse,3,530.67,North,1592.0099999999998,2025,9,Tuesday,Big
274,2025-09-22 09:03:40,144,Keyboard,2,1585.34,South,3170.68,2025,9,Monday,Big
275,2025-11-10 02:24:14,187,Keyboard,3,1319.66,East,3958.9800000000005,2025,11,Monday,Big
276,2025-09-18 05:00:13,116,Webcam,6,1576.64,East,9459.84,2025,9,Thursday,Big
277,2025-09-01 04:12:03,169,Laptop,1,901.0,South,901.0,2025,9,Monday,Big
278,2025-09-08 17:20:34,33,Mouse,3,374.82,West,1124.46,2025,9,Monday,Big
279,2025-09-01 17:23:06,53,Keyboard,2,434.33,East,868.66,2025,9,Monday,Big
280,2025-10-15 15:43:22,166,Keyboard,1,1260.27,East,1260.27,2025,10,Wednesday,Big
281,2025-10-19 21:30:01,78,Screen,4,1192.37,East,4769.48,2025,10,Sunday,Big
282,2025-08-17 23:00:44,112,Mouse,5,148.55,South,742.75,2025,8,Sunday,Big
283,2025-10-25 03:37:34,122,Keyboard,4,825.66,North,3302.64,2025,10,Saturday,Big
284,2025-09-11 14:39:17,194,Webcam,3,183.63,West,550.89,2025,9,Thursday,Big
285,2025-08-16 16:06:31,148,Screen,3,895.44,North,2686.32,2025,8,Saturday,Big
286,2025-10-21 00:04:45,70,Mouse,6,421.35,South,2528.1000000000004,2025,10,Tuesday,Big
287,2025-11-04 22:25:02,152,Mouse,3,433.19,West,1299.57,2025,11,Tuesday,Big
288,2025-09-08 13:03:03,97,Laptop,4,1211.08,East,4844.32,2025,9,Monday,Big
289,2025-09-02 15:58:45,156,Webcam,1,362.73,South,362.73,2025,9,Tuesday,Medium
290,2025-10-07 14:13:56,76,Screen,1,703.56,South,703.56,2025,10,Tuesday,Big
291,2025-11-03 09:07:37,82,Keyboard,2,80.52,West,161.04,2025,11,Monday,Medium
292,2025-08-29 22:47:41,187,Webcam,5,439.09,South,2195.45,2025,8,Friday,Big
293,2025-09-12 20:32:50,160,Keyboard,3,1114.18,West,3342.54,2025,9,Friday,Big
294,2025-10-26 17:14:05,9,Screen,3,788.26,North,2364.7799999999997,2025,10,Sunday,Big
295,2025-09-29 15:59:23,7,Mouse,2,365.08,East,730.16,2025,9,Monday,Big
296,2025-11-03 15:49:43,50,Mouse,6,53.51,North,321.06,2025,11,Monday,Medium
297,2025-10-20 16:24:38,183,Webcam,6,776.56,South,4659.36,2025,10,Monday,Big
298,2025-10-24 22:19:04,114,Screen,2,1262.11,West,2524.22,2025,10,Friday,Big
299,2025-10-13 09:55:41,102,Screen,6,54.09,West,324.54,2025,10,Monday,Medium
300,2025-11-12 03:26:22,92,Screen,5,113.31,South,566.55,2025,11,Wednesday,Big
301,2025-10-29 09:19:12,181,Screen,1,87.28,South,87.28,2025,10,Wednesday,Small
302,2025-11-01 16:55:46,173,Laptop,6,161.06,South,966.36,2025,11,Saturday,Big
303,2025-09-21 05:43:45,127,Webcam,6,977.02,East,5862.12,2025,9,Sunday,Big
304,2025-11-01 12:43:21,132,Screen,4,40.86,South,163.44,2025,11,Saturday,Medium
305,2025-09-21 18:39:11,89,Screen,2,1332.84,South,2665.68,2025,9,Sunday,Big
306,2025-11-04 11:37:23,35,Keyboard,6,274.56,North,1647.3600000000001,2025,11,Tuesday,Big
307,2025-09-15 11:30:51,34,Screen,6,1266.13,North,7596.780000000001,2025,9,Monday,Big
308,2025-11-08 07:22:32,71,Laptop,2,911.91,North,1823.82,2025,11,Saturday,Big
309,2025-10-14 18:32:49,33,Laptop,2,129.27,East,258.54,2025,10,Tuesday,Medium
310,2025-09-03 03:13:53,172,Keyboard,1,958.72,South,958.72,2025,9,Wednesday,Big
311,2025-10-23 12:51:57,88,Webcam,1,1288.11,North,1288.11,2025,10,Thursday,Big
312,2025-08-24 10:09:35,3,Webcam,1,1510.97,South,1510.97,2025,8,Sunday,Big
313,2025-09-20 11:47:10,128,Laptop,4,358.66,East,1434.64,2025,9,Saturday,Big
314,2025-10-11 07:04:48,160,Keyboard,3,15.66,East,46.980000000000004,2025,10,Saturday,Small
315,2025-08-20 10:49:32,7,Mouse,1,1090.86,North,1090.86,2025,8,Wednesday,Big
316,2025-10-06 00:57:55,59,Mouse,5,1074.05,East,5370.25,2025,10,Monday,Big
317,2025-10-21 10:53:05,114,Webcam,5,402.46,East,2012.3,2025,10,Tuesday,Big
318,2025-10-08 10:36:56,59,Screen,4,1377.5,East,5510.0,2025,10,Wednesday,Big
319,2025-09-04 03:14:41,75,Webcam,4,1324.55,North,5298.2,2025,9,Thursday,Big
320,2025-08-26 03:16:00,129,Keyboard,3,1413.94,West,4241.82,2025,8,Tuesday,Big
321,2025-08-17 06:03:13,138,Mouse,1,490.57,South,490.57,2025,8,Sunday,Medium
322,2025-09-22 23:02:34,29,Screen,1,1516.43,South,1516.43,2025,9,Monday,Big
323,2025-10-05 15:28:56,85,Screen,5,401.9,North,2009.5,2025,10,Sunday,Big
324,2025-10-09 22:30:34,60,Webcam,3,512.93,South,1538.79,2025,10,Thursday,Big
325,2025-10-09 04:41:35,149,Screen,5,223.24,West,1116.2,2025,10,Thursday,Big
326,2025-09-04 13:40:30,48,Laptop,2,1239.26,South,2478.52,2025,9,Thursday,Big
327,2025-09-26 17:19:57,47,Mouse,2,1045.93,East,2091.86,2025,9,Friday,Big
328,2025-10-22 03:10:13,144,Screen,1,1196.02,South,1196.02,2025,10,Wednesday,Big
329,2025-09-09 04:19:50,101,Webcam,4,1326.66,South,5306.64,2025,9,Tuesday,Big
330,2025-09-27 06:18:50,63,Screen,5,1437.87,East,7189.349999999999,2025,9,Saturday,Big
331,2025-10-28 14:28:58,93,Laptop,4,561.33,South,2245.32,2025,10,Tuesday,Big
332,2025-11-08 21:24:21,31,Webcam,3,255.75,East,767.25,2025,11,Saturday,Big
333,2025-09-06 06:23:59,197,Webcam,3,1321.92,South,3965.76,2025,9,Saturday,Big
334,2025-10-03 10:44:33,30,Keyboard,2,1552.01,East,3104.02,2025,10,Friday,Big
335,2025-11-03 20:11:02,97,Screen,3,399.56,East,1198.68,2025,11,Monday,Big
336,2025-08-28 03:27:32,174,Screen,1,172.2,West,172.2,2025,8,Thursday,Medium
337,2025-09-02 10:20:04,73,Webcam,5,754.51,West,3772.55,2025,9,Tuesday,Big
338,2025-10-12 19:59:35,195,Screen,5,855.62,North,4278.1,2025,10,Sunday,Big
339,2025-10-16 13:24:08,66,Keyboard,6,713.31,South,4279.86,2025,10,Thursday,Big
340,2025-09-26 16:36:30,139,Webcam,2,1252.5,West,2505.0,2025,9,Friday,Big
341,2025-10-22 16:00:06,122,Keyboard,6,1435.56,West,8613.36,2025,10,Wednesday,Big
342,2025-10-29 07:30:06,163,Screen,3,982.52,West,2947.56,2025,10,Wednesday,Big
343,2025-08-16 19:03:36,152,Keyboard,5,1049.04,North,5245.2,2025,8,Saturday,Big
344,2025-09-14 05:50:41,74,Keyboard,3,1330.45,West,3991.3500000000004,2025,9,Sunday,Big
345,2025-08-21 08:35:23,46,Webcam,3,1342.13,North,4026.3900000000003,2025,8,Thursday,Big
346,2025-09-02 03:21:08,69,Webcam,4,1373.67,East,5494.68,2025,9,Tuesday,Big
347,2025-10-21 22:57:09,129,Webcam,4,1366.68,South,5466.72,2025,10,Tuesday,Big
348,2025-08-20 00:29:40,118,Screen,6,731.19,East,4387.14,2025,8,Wednesday,Big
349,2025-10-09 04:45:49,17,Keyboard,5,968.07,East,4840.35,2025,10,Thursday,Big
350,2025-10-28 17:47:46,115,Screen,1,950.08,North,950.08,2025,10,Tuesday,Big
351,2025-09-04 02:17:12,188,Screen,3,444.5,North,1333.5,2025,9,Thursday,Big
352,2025-11-10 01:43:09,160,Mouse,2,488.38,West,976.76,2025,11,Monday,Big
353,2025-10-21 02:52:01,198,Webcam,3,951.46,East,2854.38,2025,10,Tuesday,Big
354,2025-08-29 22:45:40,71,Screen,3,307.73,North,923.19,2025,8,Friday,Big
355,2025-08-17 12:45:01,80,Webcam,4,1331.75,South,5327.0,2025,8,Sunday,Big
356,2025-11-01 16:14:21,128,Mouse,2,1296.47,East,2592.94,2025,11,Saturday,Big
357,2025-09-26 13:45:50,137,Laptop,2,1045.05,North,2090.1,2025,9,Friday,Big
358,2025-10-19 18:27:47,8,Laptop,4,669.39,North,2677.56,2025,10,Sunday,Big
359,2025-08-30 13:04:16,20,Keyboard,3,319.72,North,959.1600000000001,2025,8,Saturday,Big
360,2025-10-01 02:18:45,173,Keyboard,6,1537.58,West,9225.48,2025,10,Wednesday,Big
361,2025-09-06 10:39:30,187,Webcam,6,120.54,West,723.24,2025,9,Saturday,Big
362,2025-09-24 21:18:11,17,Screen,6,61.04,South,366.24,2025,9,Wednesday,Medium
363,2025-10-16 23:23:35,102,Laptop,2,1098.66,South,2197.32,2025,10,Thursday,Big
364,2025-10-27 09:36:23,50,Laptop,1,1065.35,West,1065.35,2025,10,Monday,Big
365,2025-10-07 20:00:20,91,Keyboard,3,1405.23,East,4215.6900000000005,2025,10,Tuesday,Big
366,2025-10-28 01:19:48,39,Webcam,3,1598.67,North,4796.01,2025,10,Tuesday,Big
367,2025-11-11 00:33:38,177,Laptop,1,812.95,North,812.95,2025,11,Tuesday,Big
368,2025-09-08 18:24:11,49,Keyboard,6,599.13,South,3594.7799999999997,2025,9,Monday,Big
369,2025-10-07 15:27:06,163,Screen,5,1017.89,North,5089.45,2025,10,Tuesday,Big
370,2025-08-24 15:21:27,161,Keyboard,2,174.08,East,348.16,2025,8,Sunday,Medium
371,2025-10-30 23:38:13,29,Mouse,2,810.94,East,1621.88,2025,10,Thursday,Big
372,2025-09-02 11:26:27,151,Mouse,3,75.29,South,225.87,2025,9,Tuesday,Medium
373,2025-10-13 10:16:36,185,Webcam,3,31.71,South,95.13,2025,10,Monday,Small
374,2025-10-08 17:24:54,88,Keyboard,4,366.74,South,1466.96,2025,10,Wednesday,Big
375,2025-09-23 17:48:33,148,Mouse,1,1504.55,South,1504.55,2025,9,Tuesday,Big
376,2025-11-12 22:11:52,186,Keyboard,4,631.59,North,2526.36,2025,11,Wednesday,Big
377,2025-10-15 18:22:54,200,Webcam,1,271.63,West,271.63,2025,10,Wednesday,Medium
378,2025-09-04 05:55:43,104,Webcam,1,1465.31,East,1465.31,2025,9,Thursday,Big
379,2025-09-27 13:47:50,115,Screen,4,1540.98,West,6163.92,2025,9,Saturday,Big
380,2025-10-25 05:24:06,71,Mouse,6,286.5,East,1719.0,2025,10,Saturday,Big
381,2025-10-02 23:31:14,62,Laptop,1,958.92,South,958.92,2025,10,Thursday,Big
382,2025-09-16 13:04:33,134,Webcam,5,400.2,East,2001.0,2025,9,Tuesday,Big
383,2025-10-25 13:21:02,63,Laptop,1,1186.23,North,1186.23,2025,10,Saturday,Big
384,2025-08-20 19:34:13,10,Webcam,1,39.94,South,39.94,2025,8,Wednesday,Small
385,2025-08-29 02:07:06,187,Webcam,1,832.35,East,832.35,2025,8,Friday,Big
386,2025-08-27 01:35:44,133,Webcam,4,111.13,East,444.52,2025,8,Wednesday,Medium
387,2025-09-26 17:36:37,12,Mouse,6,1424.01,East,8544.06,2025,9,Friday,Big
388,2025-10-03 07:38:58,127,Screen,6,1553.23,South,9319.380000000001,2025,10,Friday,Big
389,2025-11-01 13:26:59,150,Keyboard,1,350.38,West,350.38,2025,11,Saturday,Medium
390,2025-09-21 20:39:51,179,Keyboard,3,1044.22,East,3132.66,2025,9,Sunday,Big
391,2025-10-17 13:56:57,17,Keyboard,2,1055.1,East,2110.2,2025,10,Friday,Big
392,2025-11-11 10:40:56,42,Webcam,4,574.46,North,2297.84,2025,11,Tuesday,Big
393,2025-09-21 04:28:50,109,Mouse,1,1428.8,South,1428.8,2025,9,Sunday,Big
394,2025-10-07 20:21:32,113,Webcam,1,944.34,West,944.34,2025,10,Tuesday,Big
395,2025-10-23 12:30:01,127,Webcam,1,256.45,North,256.45,2025,10,Thursday,Medium
396,2025-09-30 22:12:32,57,Screen,5,1373.16,West,6865.8,2025,9,Tuesday,Big
397,2025-08-31 17:06:12,105,Mouse,4,1144.2,East,4576.8,2025,8,Sunday,Big
398,2025-09-29 09:52:37,173,Webcam,6,531.5,South,3189.0,2025,9,Monday,Big
399,2025-11-11 10:33:01,51,Mouse,2,756.88,West,1513.76,2025,11,Tuesday,Big
400,2025-09-05 01:48:21,24,Laptop,4,360.33,South,1441.32,2025,9,Friday,Big
401,2025-10-13 11:10:36,101,Keyboard,4,1458.91,West,5835.64,2025,10,Monday,Big
402,2025-09-29 20:58:51,84,Mouse,2,292.73,West,585.46,2025,9,Monday,Big
403,2025-10-31 19:12:46,192,Webcam,2,1332.56,West,2665.12,2025,10,Friday,Big
404,2025-09-17 22:25:15,24,Keyboard,2,464.99,North,929.98,2025,9,Wednesday,Big
405,2025-09-14 19:41:18,152,Laptop,2,31.71,North,63.42,2025,9,Sunday,Small
406,2025-09-19 23:31:54,87,Screen,4,274.39,East,1097.56,2025,9,Friday,Big
407,2025-09-13 08:45:35,132,Keyboard,5,1495.45,East,7477.25,2025,9,Saturday,Big
408,2025-09-15 01:24:15,27,Laptop,6,1552.55,North,9315.3,2025,9,Monday,Big
409,2025-10-03 06:01:24,170,Mouse,4,1167.57,North,4670.28,2025,10,Friday,Big
410,2025-09-11 18:41:31,144,Mouse,4,1452.75,West,5811.0,2025,9,Thursday,Big
411,2025-09-18 02:11:17,182,Laptop,3,723.04,South,2169.12,2025,9,Thursday,Big
412,2025-11-06 02:46:39,166,Laptop,5,354.19,East,1770.95,2025,11,Thursday,Big
413,2025-10-21 17:05:15,97,Laptop,4,1093.06,East,4372.24,2025,10,Tuesday,Big
414,2025-10-15 01:28:01,16,Webcam,4,832.72,West,3330.88,2025,10,Wednesday,Big
415,2025-09-29 05:04:42,16,Keyboard,6,1001.28,West,6007.68,2025,9,Monday,Big
416,2025-09-25 16:38:46,112,Keyboard,4,518.26,North,2073.04,2025,9,Thursday,Big
417,2025-09-05 17:10:28,68,Laptop,3,1474.1,South,4422.299999999999,2025,9,Friday,Big
418,2025-08-21 17:44:11,176,Webcam,6,427.49,West,2564.94,2025,8,Thursday,Big
419,2025-10-18 22:17:45,71,Keyboard,2,1137.28,West,2274.56,2025,10,Saturday,Big
420,2025-11-05 02:54:23,173,Keyboard,5,974.99,West,4874.95,2025,11,Wednesday,Big
421,2025-10-14 00:10:09,119,Screen,6,666.39,West,3998.34,2025,10,Tuesday,Big
422,2025-10-08 07:42:36,52,Laptop,4,272.59,East,1090.36,2025,10,Wednesday,Big
423,2025-08-22 18:32:31,106,Keyboard,6,1357.15,West,8142.900000000001,2025,8,Friday,Big
424,2025-09-24 22:28:46,18,Mouse,1,353.4,East,353.4,2025,9,Wednesday,Medium
425,2025-10-24 08:58:28,50,Keyboard,4,1433.06,South,5732.24,2025,10,Friday,Big
426,2025-08-17 09:47:03,152,Mouse,5,1410.92,North,7054.6,2025,8,Sunday,Big
427,2025-10-24 09:25:29,180,Webcam,4,879.82,North,3519.28,2025,10,Friday,Big
428,2025-09-27 19:56:08,124,Keyboard,2,1021.31,East,2042.62,2025,9,Saturday,Big
429,2025-08-22 20:09:15,31,Webcam,5,983.11,South,4915.55,2025,8,Friday,Big
430,2025-09-29 16:26:47,97,Mouse,6,1182.26,East,7093.5599999999995,2025,9,Monday,Big
431,2025-10-23 06:58:23,119,Webcam,6,1206.23,West,7237.38,2025,10,Thursday,Big
432,2025-10-02 16:14:49,72,Keyboard,2,815.08,East,1630.16,2025,10,Thursday,Big
433,2025-11-07 11:11:14,172,Screen,5,1580.63,West,7903.150000000001,2025,11,Friday,Big
434,2025-10-20 09:50:12,164,Laptop,1,447.33,South,447.33,2025,10,Monday,Medium
435,2025-10-24 03:35:33,97,Screen,5,1518.95,North,7594.75,2025,10,Friday,Big
436,2025-10-27 06:11:22,37,Laptop,5,1391.78,East,6958.9,2025,10,Monday,Big
437,2025-11-10 18:18:02,182,Keyboard,5,1275.29,South,6376.45,2025,11,Monday,Big
438,2025-08-15 18:11:25,1,Laptop,3,783.5,East,2350.5,2025,8,Friday,Big
439,2025-10-03 00:15:35,91,Screen,4,1373.31,South,5493.24,2025,10,Friday,Big
440,2025-09-26 07:03:33,176,Keyboard,2,1222.18,West,2444.36,2025,9,Friday,Big
441,2025-09-06 22:05:14,36,Mouse,6,1088.52,East,6531.12,2025,9,Saturday,Big
442,2025-10-18 19:12:58,151,Screen,5,164.52,East,822.6,2025,10,Saturday,Big
443,2025-09-02 14:15:22,121,Laptop,4,435.73,East,1742.92,2025,9,Tuesday,Big
444,2025-09-29 08:59:04,148,Keyboard,4,848.4,North,3393.6,2025,9,Monday,Big
445,2025-09-22 13:24:54,166,Screen,4,566.8,East,2267.2,2025,9,Monday,Big
446,2025-10-16 10:43:42,121,Webcam,1,975.55,East,975.55,2025,10,Thursday,Big
447,2025-10-01 16:35:27,48,Keyboard,4,340.84,South,1363.36,2025,10,Wednesday,Big
448,2025-10-25 06:11:50,64,Screen,2,318.63,West,637.26,2025,10,Saturday,Big
449,2025-08-17 15:22:12,196,Screen,4,1500.98,South,6003.92,2025,8,Sunday,Big
450,2025-09-27 08:59:49,189,Screen,2,1099.84,South,2199.68,2025,9,Saturday,Big
451,2025-10-14 01:23:38,122,Laptop,3,408.24,North,1224.72,2025,10,Tuesday,Big
452,2025-10-27 20:03:04,43,Mouse,5,1041.97,South,5209.85,2025,10,Monday,Big
453,2025-09-01 08:42:10,5,Laptop,6,1365.27,West,8191.62,2025,9,Monday,Big
454,2025-11-02 12:39:36,156,Keyboard,4,1578.68,East,6314.72,2025,11,Sunday,Big
455,2025-09-22 21:39:56,8,Screen,1,1549.79,West,1549.79,2025,9,Monday,Big
456,2025-10-20 06:10:02,147,Mouse,5,688.57,West,3442.8500000000004,2025,10,Monday,Big
457,2025-08-15 12:57:56,159,Webcam,5,1133.07,East,5665.349999999999,2025,8,Friday,Big
458,2025-10-25 10:33:34,100,Laptop,2,714.35,South,1428.7,2025,10,Saturday,Big
459,2025-08-17 15:12:41,5,Keyboard,5,52.15,West,260.75,2025,8,Sunday,Medium
460,2025-10-17 02:03:23,40,Laptop,4,862.96,South,3451.84,2025,10,Friday,Big
461,2025-10-06 20:15:12,24,Screen,1,1252.22,North,1252.22,2025,10,Monday,Big
462,2025-08-23 03:38:05,138,Webcam,1,412.91,East,412.91,2025,8,Saturday,Medium
463,2025-10-07 03:50:02,136,Webcam,6,265.23,West,1591.38,2025,10,Tuesday,Big
464,2025-11-07 05:57:12,34,Keyboard,3,1149.41,South,3448.2300000000005,2025,11,Friday,Big
465,2025-08-17 14:15:41,118,Keyboard,3,449.13,West,1347.3899999999999,2025,8,Sunday,Big
466,2025-09-12 11:43:42,155,Keyboard,3,501.04,West,1503.1200000000001,2025,9,Friday,Big
467,2025-10-30 02:43:06,131,Laptop,2,1202.76,North,2405.52,2025,10,Thursday,Big
468,2025-09-09 18:09:34,196,Laptop,6,313.9,North,1883.3999999999999,2025,9,Tuesday,Big
469,2025-11-06 10:31:06,172,Screen,5,973.53,North,4867.65,2025,11,Thursday,Big
470,2025-09-26 04:01:28,117,Laptop,2,510.1,East,1020.2,2025,9,Friday,Big
471,2025-10-13 05:43:25,19,Laptop,2,711.71,North,1423.42,2025,10,Monday,Big
472,2025-09-29 20:55:16,19,Keyboard,5,265.52,West,1327.6,2025,9,Monday,Big
473,2025-08-25 02:29:38,31,Screen,2,804.36,East,1608.72,2025,8,Monday,Big
474,2025-08-31 06:32:56,23,Laptop,3,1338.05,South,4014.1499999999996,2025,8,Sunday,Big
475,2025-10-17 06:09:35,149,Screen,6,1593.15,West,9558.900000000001,2025,10,Friday,Big
476,2025-09-25 08:20:42,171,Screen,5,590.93,North,2954.6499999999996,2025,9,Thursday,Big
477,2025-10-12 01:15:31,69,Webcam,6,1264.96,North,7589.76,2025,10,Sunday,Big
478,2025-10-16 18:54:34,198,Laptop,1,1172.35,East,1172.35,2025,10,Thursday,Big
479,2025-09-24 16:09:01,41,Keyboard,4,887.93,East,3551.72,2025,9,Wednesday,Big
480,2025-09-20 01:06:36,173,Laptop,1,1545.27,South,1545.27,2025,9,Saturday,Big
481,2025-09-30 18:43:16,4,Screen,4,165.28,East,661.12,2025,9,Tuesday,Big
482,2025-09-16 09:25:31,15,Laptop,6,1225.91,West,7355.460000000001,2025,9,Tuesday,Big
483,2025-10-06 20:30:51,124,Mouse,1,1442.8,West,1442.8,2025,10,Monday,Big
484,2025-10-08 17:44:11,95,Keyboard,3,282.14,South,846.42,2025,10,Wednesday,Big
485,2025-10-22 03:28:28,158,Mouse,3,567.28,East,1701.84,2025,10,Wednesday,Big
486,2025-09-28 06:04:43,3,Screen,1,73.34,East,73.34,2025,9,Sunday,Small
487,2025-11-08 07:25:00,137,Webcam,1,1262.79,East,1262.79,2025,11,Saturday,Big
488,2025-09-08 12:03:51,86,Webcam,2,476.73,South,953.46,2025,9,Monday,Big
489,2025-10-10 14:10:31,165,Keyboard,1,1488.42,South,1488.42,2025,10,Friday,Big
490,2025-08-19 04:30:57,104,Screen,5,467.48,North,2337.4,2025,8,Tuesday,Big
491,2025-09-15 16:06:38,4,Screen,1,1052.53,South,1052.53,2025,9,Monday,Big
492,2025-09-23 22:50:23,55,Screen,5,649.89,East,3249.45,2025,9,Tuesday,Big
493,2025-08-17 04:22:59,56,Webcam,3,1567.12,East,4701.36,2025,8,Sunday,Big
494,2025-10-14 20:28:09,116,Screen,5,1372.75,West,6863.75,2025,10,Tuesday,Big
495,2025-10-27 02:11:54,33,Screen,1,176.2,West,176.2,2025,10,Monday,Medium
496,2025-10-16 01:23:43,34,Laptop,6,61.54,West,369.24,2025,10,Thursday,Medium
497,2025-10-31 03:17:50,175,Mouse,4,1249.25,North,4997.0,2025,10,Friday,Big
498,2025-09-04 12:29:43,37,Screen,6,552.83,South,3316.9800000000005,2025,9,Thursday,Big
499,2025-11-09 01:02:51,29,Keyboard,6,1166.72,North,7000.32,2025,11,Sunday,Big
500,2025-09-20 20:50:28,79,Mouse,1,1562.84,North,1562.84,2025,9,Saturday,Big
501,2025-08-21 10:35:52,96,Mouse,1,923.55,South,923.55,2025,8,Thursday,Big
502,2025-09-24 09:17:21,190,Mouse,2,829.66,West,1659.32,2025,9,Wednesday,Big
503,2025-09-13 08:16:31,138,Keyboard,5,1142.89,East,5714.450000000001,2025,9,Saturday,Big
504,2025-08-28 01:16:03,180,Laptop,5,572.36,North,2861.8,2025,8,Thursday,Big
505,2025-09-04 15:06:57,86,Keyboard,2,1538.51,West,3077.02,2025,9,Thursday,Big
506,2025-11-10 05:18:47,190,Mouse,4,780.78,East,3123.12,2025,11,Monday,Big
507,2025-10-14 06:26:00,116,Webcam,5,137.65,North,688.25,2025,10,Tuesday,Big
508,2025-09-21 02:44:50,179,Screen,1,941.18,West,941.18,2025,9,Sunday,Big
509,2025-09-23 09:59:41,67,Webcam,4,584.01,East,2336.04,2025,9,Tuesday,Big
510,2025-10-13 11:01:56,99,Keyboard,6,1353.87,South,8123.219999999999,2025,10,Monday,Big
511,2025-10-30 07:36:34,56,Laptop,4,1341.55,West,5366.2,2025,10,Thursday,Big
512,2025-11-01 23:33:21,75,Mouse,5,1040.11,South,5200.549999999999,2025,11,Saturday,Big
513,2025-10-13 03:36:54,184,Mouse,1,621.36,North,621.36,2025,10,Monday,Big
514,2025-10-16 09:38:47,155,Screen,6,617.79,West,3706.74,2025,10,Thursday,Big
515,2025-10-23 00:19:46,90,Keyboard,5,297.54,North,1487.7,2025,10,Thursday,Big
516,2025-10-22 10:26:08,166,Mouse,3,299.01,South,897.03,2025,10,Wednesday,Big
517,2025-10-14 20:32:40,19,Keyboard,2,1310.91,North,2621.82,2025,10,Tuesday,Big
518,2025-10-13 16:21:37,171,Laptop,2,747.06,South,1494.12,2025,10,Monday,Big
519,2025-10-21 23:38:53,141,Mouse,5,620.31,West,3101.5499999999997,2025,10,Tuesday,Big
520,2025-10-16 11:09:01,125,Mouse,1,1163.53,West,1163.53,2025,10,Thursday,Big
521,2025-08-26 03:05:18,30,Webcam,6,898.3,West,5389.799999999999,2025,8,Tuesday,Big
522,2025-09-22 05:52:22,141,Mouse,1,1523.61,South,1523.61,2025,9,Monday,Big
523,2025-10-30 17:27:13,168,Screen,5,1307.2,West,6536.0,2025,10,Thursday,Big
524,2025-08-22 17:08:22,197,Laptop,5,819.66,South,4098.3,2025,8,Friday,Big
525,2025-10-30 22:50:22,71,Laptop,3,331.86,South,995.58,2025,10,Thursday,Big
526,2025-09-03 06:23:02,140,Keyboard,1,1476.69,West,1476.69,2025,9,Wednesday,Big
527,2025-10-19 15:21:50,149,Webcam,3,1418.58,South,4255.74,2025,10,Sunday,Big
528,2025-08-16 03:23:26,102,Screen,4,157.57,South,630.28,2025,8,Saturday,Big
529,2025-09-24 18:45:50,43,Laptop,2,776.33,West,1552.66,2025,9,Wednesday,Big
530,2025-11-02 15:28:36,123,Webcam,2,1085.8,North,2171.6,2025,11,Sunday,Big
531,2025-08-30 10:05:09,97,Keyboard,4,696.8,East,2787.2,2025,8,Saturday,Big
532,2025-10-21 00:04:05,102,Mouse,2,962.48,East,1924.96,2025,10,Tuesday,Big
533,2025-10-05 17:08:03,63,Laptop,6,1221.98,West,7331.88,2025,10,Sunday,Big
534,2025-09-09 02:47:07,136,Mouse,5,346.96,North,1734.8,2025,9,Tuesday,Big
535,2025-10-20 19:36:42,189,Screen,4,827.71,East,3310.84,2025,10,Monday,Big
536,2025-10-10 00:22:23,87,Screen,4,312.95,East,1251.8,2025,10,Friday,Big
537,2025-09-19 12:13:39,164,Laptop,5,426.92,East,2134.6,2025,9,Friday,Big
538,2025-09-16 04:46:48,134,Keyboard,5,625.15,South,3125.75,2025,9,Tuesday,Big
539,2025-09-30 02:13:55,37,Webcam,1,579.08,South,579.08,2025,9,Tuesday,Big
540,2025-11-06 11:43:25,128,Mouse,6,1520.99,West,9125.94,2025,11,Thursday,Big
541,2025-10-11 14:09:15,75,Laptop,2,941.69,West,1883.38,2025,10,Saturday,Big
542,2025-11-08 07:09:39,19,Screen,6,523.42,East,3140.5199999999995,2025,11,Saturday,Big
543,2025-11-08 02:29:39,152,Keyboard,5,251.48,West,1257.3999999999999,2025,11,Saturday,Big
544,2025-09-26 20:20:13,103,Mouse,2,831.07,East,1662.14,2025,9,Friday,Big
545,2025-10-06 23:48:51,58,Webcam,5,1317.33,East,6586.65,2025,10,Monday,Big
546,2025-09-03 23:21:05,186,Keyboard,1,530.21,West,530.21,2025,9,Wednesday,Big
547,2025-10-14 21:51:13,157,Webcam,1,168.55,West,168.55,2025,10,Tuesday,Medium
548,2025-11-01 16:56:20,198,Mouse,1,1462.56,South,1462.56,2025,11,Saturday,Big
549,2025-09-14 04:11:29,12,Keyboard,1,744.4,West,744.4,2025,9,Sunday,Big
550,2025-10-22 08:10:24,21,Laptop,4,1592.04,South,6368.16,2025,10,Wednesday,Big
551,2025-11-03 12:18:34,11,Screen,2,1025.11,North,2050.22,2025,11,Monday,Big
552,2025-09-18 14:17:24,51,Keyboard,4,842.45,East,3369.8,2025,9,Thursday,Big
553,2025-09-20 00:50:05,109,Keyboard,3,1489.69,South,4469.07,2025,9,Saturday,Big
554,2025-09-28 20:09:25,54,Laptop,5,614.67,West,3073.35,2025,9,Sunday,Big
555,2025-09-30 06:02:29,93,Screen,3,1538.09,South,4614.2699999999995,2025,9,Tuesday,Big
556,2025-09-05 08:26:48,1,Keyboard,6,389.96,North,2339.7599999999998,2025,9,Friday,Big
557,2025-08-16 23:39:46,165,Screen,3,1170.61,West,3511.83,2025,8,Saturday,Big
558,2025-09-22 00:09:38,186,Keyboard,6,929.44,South,5576.64,2025,9,Monday,Big
559,2025-09-10 14:58:55,92,Mouse,2,589.23,North,1178.46,2025,9,Wednesday,Big
560,2025-10-12 13:38:35,181,Screen,5,1421.17,East,7105.85,2025,10,Sunday,Big
561,2025-09-01 19:35:21,102,Laptop,2,76.72,South,153.44,2025,9,Monday,Medium
562,2025-10-04 11:47:26,111,Keyboard,3,1384.45,South,4153.35,2025,10,Saturday,Big
563,2025-08-16 03:11:06,121,Screen,1,216.51,North,216.51,2025,8,Saturday,Medium
564,2025-11-07 22:50:51,134,Mouse,4,391.76,West,1567.04,2025,11,Friday,Big
565,2025-09-18 19:52:35,26,Laptop,2,909.48,South,1818.96,2025,9,Thursday,Big
566,2025-10-26 21:26:50,160,Webcam,4,1235.89,North,4943.56,2025,10,Sunday,Big
567,2025-08-29 01:30:23,103,Mouse,4,1462.08,West,5848.32,2025,8,Friday,Big
568,2025-09-25 10:02:20,77,Keyboard,6,1536.73,South,9220.380000000001,2025,9,Thursday,Big
569,2025-09-25 03:58:32,140,Keyboard,5,592.47,West,2962.3500000000004,2025,9,Thursday,Big
570,2025-10-16 00:17:47,107,Laptop,3,642.29,East,1926.87,2025,10,Thursday,Big
571,2025-10-09 16:51:50,179,Keyboard,5,385.5,West,1927.5,2025,10,Thursday,Big
572,2025-09-05 09:32:34,117,Screen,5,432.5,South,2162.5,2025,9,Friday,Big
573,2025-10-15 01:17:02,112,Laptop,5,554.97,South,2774.8500000000004,2025,10,Wednesday,Big
574,2025-08-18 10:08:37,125,Mouse,3,980.91,West,2942.73,2025,8,Monday,Big
575,2025-08-22 21:51:40,82,Mouse,6,886.95,West,5321.700000000001,2025,8,Friday,Big
576,2025-09-14 09:56:17,118,Webcam,6,666.97,South,4001.82,2025,9,Sunday,Big
577,2025-09-07 06:18:06,198,Screen,2,1468.44,North,2936.88,2025,9,Sunday,Big
578,2025-09-10 02:03:04,127,Mouse,1,66.84,West,66.84,2025,9,Wednesday,Small
579,2025-10-21 04:09:34,186,Webcam,1,1104.2,South,1104.2,2025,10,Tuesday,Big
580,2025-08-20 11:02:00,9,Keyboard,5,1064.27,South,5321.35,2025,8,Wednesday,Big
581,2025-10-04 21:39:28,130,Webcam,4,1396.31,North,5585.24,2025,10,Saturday,Big
582,2025-09-15 23:29:57,119,Mouse,4,463.81,North,1855.24,2025,9,Monday,Big
583,2025-09-11 12:22:29,193,Keyboard,4,114.97,South,459.88,2025,9,Thursday,Medium
584,2025-09-10 01:14:14,173,Webcam,3,331.6,East,994.8000000000001,2025,9,Wednesday,Big
585,2025-09-18 00:09:00,174,Webcam,5,1398.99,North,6994.95,2025,9,Thursday,Big
586,2025-09-25 22:55:44,113,Screen,4,1184.28,East,4737.12,2025,9,Thursday,Big
587,2025-08-28 19:56:52,179,Webcam,4,1025.31,North,4101.24,2025,8,Thursday,Big
588,2025-10-21 20:43:22,109,Screen,3,495.65,North,1486.9499999999998,2025,10,Tuesday,Big
589,2025-09-23 18:08:52,161,Webcam,1,26.27,North,26.27,2025,9,Tuesday,Small
590,2025-09-14 15:25:07,68,Screen,4,626.18,South,2504.72,2025,9,Sunday,Big
591,2025-09-13 08:16:05,78,Mouse,5,537.97,South,2689.8500000000004,2025,9,Saturday,Big
592,2025-10-22 07:01:59,73,Mouse,1,394.53,South,394.53,2025,10,Wednesday,Medium
593,2025-08-18 15:21:32,131,Webcam,3,1533.91,West,4601.7300000000005,2025,8,Monday,Big
594,2025-11-12 21:54:15,152,Mouse,6,376.16,South,2256.96,2025,11,Wednesday,Big
595,2025-09-27 05:05:01,72,Keyboard,3,861.0,South,2583.0,2025,9,Saturday,Big
596,2025-09-07 03:13:46,189,Keyboard,5,1539.49,South,7697.45,2025,9,Sunday,Big
597,2025-10-10 04:50:52,103,Laptop,2,124.79,North,249.58,2025,10,Friday,Medium
598,2025-10-01 01:15:08,170,Keyboard,6,564.83,East,3388.9800000000005,2025,10,Wednesday,Big
599,2025-10-09 10:42:37,168,Webcam,5,1516.13,East,7580.650000000001,2025,10,Thursday,Big
600,2025-09-05 04:11:27,69,Mouse,2,1125.94,West,2251.88,2025,9,Friday,Big
601,2025-08-18 11:49:10,148,Laptop,2,28.17,North,56.34,2025,8,Monday,Small
602,2025-09-02 18:38:41,112,Keyboard,1,629.75,East,629.75,2025,9,Tuesday,Big
603,2025-11-05 04:59:58,173,Laptop,5,846.4,North,4232.0,2025,11,Wednesday,Big
604,2025-10-26 16:16:18,101,Laptop,6,258.07,North,1548.42,2025,10,Sunday,Big
605,2025-09-05 05:47:57,84,Webcam,3,981.37,North,2944.11,2025,9,Friday,Big
606,2025-09-28 03:50:33,21,Mouse,5,975.83,South,4879.150000000001,2025,9,Sunday,Big
607,2025-08-17 21:50:02,75,Webcam,6,751.78,North,4510.68,2025,8,Sunday,Big
608,2025-10-07 11:14:10,17,Keyboard,3,1392.24,West,4176.72,2025,10,Tuesday,Big
609,2025-10-23 02:59:16,178,Laptop,2,1543.16,West,3086.32,2025,10,Thursday,Big
610,2025-09-04 07:27:06,7,Webcam,2,882.46,South,1764.92,2025,9,Thursday,Big
611,2025-08-16 06:38:18,19,Mouse,2,206.65,South,413.3,2025,8,Saturday,Medium
612,2025-10-15 09:17:49,17,Webcam,2,558.4,West,1116.8,2025,10,Wednesday,Big
613,2025-10-22 19:00:21,34,Mouse,4,782.47,East,3129.88,2025,10,Wednesday,Big
614,2025-09-27 04:53:13,45,Webcam,1,193.13,South,193.13,2025,9,Saturday,Medium
615,2025-11-07 08:18:22,188,Screen,5,165.19,West,825.95,2025,11,Friday,Big
616,2025-08-19 00:54:56,15,Webcam,4,107.24,West,428.96,2025,8,Tuesday,Medium
617,2025-09-13 01:47:15,190,Screen,1,335.12,East,335.12,2025,9,Saturday,Medium
618,2025-10-10 23:58:37,105,Screen,3,1002.74,West,3008.2200000000003,2025,10,Friday,Big
619,2025-10-28 05:41:41,33,Mouse,2,525.33,East,1050.66,2025,10,Tuesday,Big
620,2025-10-28 09:43:17,162,Screen,5,1041.6,South,5208.0,2025,10,Tuesday,Big
621,2025-08-29 14:25:31,5,Laptop,1,370.74,West,370.74,2025,8,Friday,Medium
622,2025-10-03 22:36:51,34,Webcam,6,1378.48,North,8270.880000000001,2025,10,Friday,Big
623,2025-08-16 13:41:33,85,Laptop,1,1161.39,South,1161.39,2025,8,Saturday,Big
624,2025-10-08 01:24:53,135,Laptop,2,1195.14,West,2390.28,2025,10,Wednesday,Big
625,2025-11-07 12:43:56,120,Laptop,2,948.23,North,1896.46,2025,11,Friday,Big
626,2025-11-04 13:05:40,164,Webcam,6,73.15,East,438.90000000000003,2025,11,Tuesday,Medium
627,2025-10-10 20:46:15,62,Laptop,1,226.15,West,226.15,2025,10,Friday,Medium
628,2025-09-29 19:23:10,174,Keyboard,3,559.91,North,1679.73,2025,9,Monday,Big
629,2025-09-15 08:58:56,38,Keyboard,5,1276.77,North,6383.85,2025,9,Monday,Big
630,2025-10-18 01:10:12,11,Mouse,5,1312.65,North,6563.25,2025,10,Saturday,Big
631,2025-10-04 04:49:31,151,Screen,4,313.81,East,1255.24,2025,10,Saturday,Big
632,2025-11-10 23:32:45,130,Keyboard,6,835.3,East,5011.799999999999,2025,11,Monday,Big
633,2025-10-12 17:07:51,35,Mouse,3,1223.44,South,3670.32,2025,10,Sunday,Big
634,2025-09-26 00:01:55,182,Screen,6,1241.47,West,7448.82,2025,9,Friday,Big
635,2025-09-26 08:55:09,95,Webcam,3,1532.69,South,4598.07,2025,9,Friday,Big
636,2025-09-30 07:18:33,174,Screen,1,880.29,East,880.29,2025,9,Tuesday,Big
637,2025-08-21 10:05:20,119,Webcam,3,92.17,South,276.51,2025,8,Thursday,Medium
638,2025-09-08 16:53:56,87,Laptop,1,929.07,West,929.07,2025,9,Monday,Big
639,2025-09-18 15:09:56,83,Laptop,1,690.99,South,690.99,2025,9,Thursday,Big
640,2025-09-04 05:41:26,42,Laptop,1,212.84,North,212.84,2025,9,Thursday,Medium
641,2025-09-02 23:09:47,48,Mouse,3,306.93,North,920.79,2025,9,Tuesday,Big
642,2025-10-10 14:18:28,142,Laptop,4,1480.85,South,5923.4,2025,10,Friday,Big
643,2025-08-15 20:53:44,27,Screen,6,1089.83,South,6538.98,2025,8,Friday,Big
644,2025-09-29 05:47:10,178,Laptop,6,523.61,North,3141.66,2025,9,Monday,Big
645,2025-10-19 20:58:39,189,Screen,6,626.95,South,3761.7000000000003,2025,10,Sunday,Big
646,2025-09-25 20:50:15,19,Keyboard,2,708.63,West,1417.26,2025,9,Thursday,Big
647,2025-11-13 02:07:28,47,Laptop,1,1576.3,East,1576.3,2025,11,Thursday,Big
648,2025-10-09 23:04:47,73,Screen,5,1142.98,East,5714.9,2025,10,Thursday,Big
649,2025-09-16 00:04:32,64,Screen,4,27.56,South,110.24,2025,9,Tuesday,Medium
650,2025-10-21 00:33:53,80,Screen,5,1455.88,South,7279.400000000001,2025,10,Tuesday,Big
651,2025-10-09 13:00:02,113,Laptop,1,186.03,West,186.03,2025,10,Thursday,Medium
652,2025-10-08 05:18:48,155,Webcam,1,101.25,West,101.25,2025,10,Wednesday,Medium
653,2025-11-03 02:35:54,141,Webcam,5,178.25,North,891.25,2025,11,Monday,Big
654,2025-09-14 23:12:42,71,Webcam,2,451.33,West,902.66,2025,9,Sunday,Big
655,2025-10-31 23:07:17,184,Webcam,4,1144.97,North,4579.88,2025,10,Friday,Big
656,2025-09-26 15:45:12,149,Laptop,6,1193.99,South,7163.9400000000005,2025,9,Friday,Big
657,2025-09-13 12:12:19,175,Mouse,2,643.33,West,1286.66,2025,9,Saturday,Big
658,2025-09-15 19:36:50,98,Mouse,5,888.11,South,4440.55,2025,9,Monday,Big
659,2025-10-18 04:41:16,62,Screen,2,161.54,East,323.08,2025,10,Saturday,Medium
660,2025-10-09 06:10:54,124,Mouse,3,146.18,South,438.54,2025,10,Thursday,Medium
661,2025-09-05 11:25:08,152,Mouse,1,942.07,West,942.07,2025,9,Friday,Big
662,2025-09-24 03:56:35,43,Laptop,5,1390.06,West,6950.299999999999,2025,9,Wednesday,Big
663,2025-10-24 18:07:13,123,Laptop,2,1221.2,South,2442.4,2025,10,Friday,Big
664,2025-10-10 22:12:08,35,Laptop,3,67.36,North,202.07999999999998,2025,10,Friday,Medium
665,2025-10-16 04:31:22,178,Mouse,2,238.58,North,477.16,2025,10,Thursday,Medium
666,2025-09-30 07:12:52,81,Keyboard,4,1034.54,West,4138.16,2025,9,Tuesday,Big
667,2025-08-25 08:52:25,135,Laptop,5,174.15,West,870.75,2025,8,Monday,Big
668,2025-10-21 12:35:28,88,Laptop,3,501.98,North,1505.94,2025,10,Tuesday,Big
669,2025-09-05 08:49:41,103,Laptop,3,1569.08,West,4707.24,2025,9,Friday,Big
670,2025-11-03 20:17:59,158,Mouse,4,999.57,North,3998.28,2025,11,Monday,Big
671,2025-09-30 06:36:33,82,Mouse,4,1307.79,South,5231.16,2025,9,Tuesday,Big
672,2025-08-24 19:34:54,59,Keyboard,3,350.84,East,1052.52,2025,8,Sunday,Big
673,2025-08-29 11:29:36,118,Webcam,3,837.73,South,2513.19,2025,8,Friday,Big
674,2025-08-22 19:17:44,9,Laptop,5,1518.9,South,7594.5,2025,8,Friday,Big
675,2025-10-30 05:04:37,156,Laptop,3,1427.27,South,4281.8099999999995,2025,10,Thursday,Big
676,2025-10-04 07:43:08,115,Screen,1,1468.52,West,1468.52,2025,10,Saturday,Big
677,2025-08-27 11:09:39,36,Laptop,6,1136.98,West,6821.88,2025,8,Wednesday,Big
678,2025-09-22 01:52:47,31,Screen,5,1101.32,South,5506.599999999999,2025,9,Monday,Big
679,2025-09-08 05:43:43,30,Laptop,2,871.0,East,1742.0,2025,9,Monday,Big
680,2025-09-01 15:46:04,110,Mouse,6,1495.04,East,8970.24,2025,9,Monday,Big
681,2025-10-29 18:31:38,54,Screen,5,1471.49,South,7357.45,2025,10,Wednesday,Big
682,2025-10-31 09:21:30,75,Screen,4,1033.08,West,4132.32,2025,10,Friday,Big
683,2025-08-23 15:09:45,140,Keyboard,3,1593.84,North,4781.5199999999995,2025,8,Saturday,Big
684,2025-09-01 23:25:53,141,Keyboard,2,1190.17,South,2380.34,2025,9,Monday,Big
685,2025-10-19 21:33:08,175,Webcam,2,1230.87,East,2461.74,2025,10,Sunday,Big
686,2025-09-12 22:16:35,42,Laptop,2,210.51,West,421.02,2025,9,Friday,Medium
687,2025-08-20 01:19:45,129,Webcam,4,1141.92,South,4567.68,2025,8,Wednesday,Big
688,2025-11-08 11:54:04,57,Webcam,4,149.31,South,597.24,2025,11,Saturday,Big
689,2025-10-11 16:22:55,145,Screen,1,827.59,North,827.59,2025,10,Saturday,Big
690,2025-09-30 15:14:53,108,Laptop,1,726.05,West,726.05,2025,9,Tuesday,Big
691,2025-08-19 06:43:59,104,Laptop,4,1559.42,South,6237.68,2025,8,Tuesday,Big
692,2025-08-25 03:49:22,184,Laptop,2,170.02,West,340.04,2025,8,Monday,Medium
693,2025-10-15 15:17:38,39,Webcam,3,1110.97,East,3332.91,2025,10,Wednesday,Big
694,2025-10-17 17:18:45,86,Webcam,2,1377.56,North,2755.12,2025,10,Friday,Big
695,2025-10-17 04:02:42,139,Screen,1,527.82,North,527.82,2025,10,Friday,Big
696,2025-11-08 06:45:10,198,Mouse,1,1422.39,North,1422.39,2025,11,Saturday,Big
697,2025-09-30 09:22:52,127,Screen,6,776.58,West,4659.4800000000005,2025,9,Tuesday,Big
698,2025-09-02 14:13:19,47,Mouse,5,1042.17,North,5210.85,2025,9,Tuesday,Big
699,2025-08-21 21:04:14,60,Webcam,5,1370.61,West,6853.049999999999,2025,8,Thursday,Big
700,2025-10-22 19:46:21,135,Keyboard,6,1056.48,West,6338.88,2025,10,Wednesday,Big
701,2025-11-06 20:05:03,121,Webcam,2,1436.64,West,2873.28,2025,11,Thursday,Big
702,2025-11-11 14:27:59,39,Keyboard,2,488.09,South,976.18,2025,11,Tuesday,Big
703,2025-10-15 01:41:35,26,Screen,5,39.83,East,199.14999999999998,2025,10,Wednesday,Medium
704,2025-10-07 09:48:47,78,Mouse,6,1229.86,South,7379.16,2025,10,Tuesday,Big
705,2025-10-12 01:57:38,192,Laptop,5,1485.46,East,7427.3,2025,10,Sunday,Big
706,2025-09-23 16:40:58,40,Laptop,2,947.5,East,1895.0,2025,9,Tuesday,Big
707,2025-09-20 19:15:58,149,Laptop,2,904.03,North,1808.06,2025,9,Saturday,Big
708,2025-11-11 05:11:06,91,Mouse,1,831.61,South,831.61,2025,11,Tuesday,Big
709,2025-10-26 14:45:30,21,Laptop,6,307.42,West,1844.52,2025,10,Sunday,Big
710,2025-10-10 11:31:17,162,Webcam,5,446.8,South,2234.0,2025,10,Friday,Big
711,2025-10-18 03:43:59,91,Screen,5,69.35,West,346.75,2025,10,Saturday,Medium
712,2025-09-22 04:54:07,130,Webcam,1,605.87,North,605.87,2025,9,Monday,Big
713,2025-09-11 06:36:57,82,Mouse,4,73.93,South,295.72,2025,9,Thursday,Medium
714,2025-10-09 13:14:41,45,Mouse,6,623.13,South,3738.7799999999997,2025,10,Thursday,Big
715,2025-11-05 18:44:50,109,Laptop,3,736.56,North,2209.68,2025,11,Wednesday,Big
716,2025-08-25 13:19:35,188,Mouse,4,1593.42,West,6373.68,2025,8,Monday,Big
717,2025-09-04 17:26:01,153,Screen,2,124.17,North,248.34,2025,9,Thursday,Medium
718,2025-10-16 14:59:27,39,Mouse,4,205.5,North,822.0,2025,10,Thursday,Big
719,2025-09-23 01:18:44,114,Mouse,5,781.93,West,3909.6499999999996,2025,9,Tuesday,Big
720,2025-08-30 14:51:19,19,Screen,6,495.04,South,2970.2400000000002,2025,8,Saturday,Big
721,2025-10-08 14:45:25,129,Screen,1,617.23,West,617.23,2025,10,Wednesday,Big
722,2025-08-25 03:17:14,85,Keyboard,3,1138.2,South,3414.6000000000004,2025,8,Monday,Big
723,2025-08-27 20:16:25,174,Keyboard,6,535.11,North,3210.66,2025,8,Wednesday,Big
724,2025-09-26 00:57:34,25,Webcam,2,890.96,West,1781.92,2025,9,Friday,Big
725,2025-10-29 22:33:59,186,Webcam,3,301.28,North,903.8399999999999,2025,10,Wednesday,Big
726,2025-10-08 10:23:50,83,Screen,5,1191.09,South,5955.45,2025,10,Wednesday,Big
727,2025-09-13 21:34:37,54,Laptop,4,1533.56,West,6134.24,2025,9,Saturday,Big
728,2025-10-04 12:18:33,159,Keyboard,6,1112.69,East,6676.14,2025,10,Saturday,Big
729,2025-09-10 12:38:27,177,Laptop,2,1058.5,North,2117.0,2025,9,Wednesday,Big
730,2025-09-07 01:42:11,139,Keyboard,5,916.41,North,4582.05,2025,9,Sunday,Big
731,2025-11-03 08:40:14,170,Screen,6,578.56,West,3471.3599999999997,2025,11,Monday,Big
732,2025-11-09 19:28:26,46,Webcam,6,727.0,West,4362.0,2025,11,Sunday,Big
733,2025-11-04 16:26:00,81,Screen,1,356.03,North,356.03,2025,11,Tuesday,Medium
734,2025-10-10 03:31:50,162,Screen,1,87.5,South,87.5,2025,10,Friday,Small
735,2025-09-04 06:52:56,127,Screen,4,925.95,South,3703.8,2025,9,Thursday,Big
736,2025-10-05 14:06:20,62,Mouse,5,526.32,North,2631.6000000000004,2025,10,Sunday,Big
737,2025-11-06 05:56:23,70,Screen,1,755.33,South,755.33,2025,11,Thursday,Big
738,2025-11-07 12:54:53,189,Laptop,2,1261.71,East,2523.42,2025,11,Friday,Big
739,2025-10-02 18:41:18,175,Laptop,2,67.8,North,135.6,2025,10,Thursday,Medium
740,2025-10-19 00:57:12,9,Mouse,2,1350.57,West,2701.14,2025,10,Sunday,Big
741,2025-10-23 21:44:44,189,Keyboard,1,145.39,South,145.39,2025,10,Thursday,Medium
742,2025-09-29 18:01:24,162,Laptop,2,1058.27,East,2116.54,2025,9,Monday,Big
743,2025-10-13 21:54:04,139,Webcam,3,1535.65,East,4606.950000000001,2025,10,Monday,Big
744,2025-10-17 12:39:46,81,Laptop,6,576.58,South,3459.4800000000005,2025,10,Friday,Big
745,2025-08-25 21:39:25,159,Laptop,6,1523.25,West,9139.5,2025,8,Monday,Big
746,2025-11-11 13:48:09,171,Webcam,3,1340.45,South,4021.3500000000004,2025,11,Tuesday,Big
747,2025-11-12 09:34:51,48,Mouse,2,618.25,North,1236.5,2025,11,Wednesday,Big
748,2025-10-28 06:07:09,76,Mouse,4,917.44,West,3669.76,2025,10,Tuesday,Big
749,2025-10-04 18:32:10,148,Screen,1,70.03,South,70.03,2025,10,Saturday,Small
750,2025-11-13 00:49:27,154,Mouse,5,301.92,South,1509.6000000000001,2025,11,Thursday,Big
751,2025-09-15 23:23:14,157,Mouse,2,152.63,West,305.26,2025,9,Monday,Medium
752,2025-10-11 11:28:18,17,Laptop,4,1543.14,South,6172.56,2025,10,Saturday,Big
753,2025-08-25 23:23:09,170,Mouse,6,99.18,North,595.08,2025,8,Monday,Big
754,2025-10-03 12:07:39,94,Screen,5,1145.65,South,5728.25,2025,10,Friday,Big
755,2025-11-11 13:31:16,44,Mouse,1,660.23,North,660.23,2025,11,Tuesday,Big
756,2025-09-20 17:12:42,101,Webcam,1,313.22,East,313.22,2025,9,Saturday,Medium
757,2025-10-17 16:35:47,55,Screen,6,1274.33,West,7645.98,2025,10,Friday,Big
758,2025-10-18 20:00:20,150,Laptop,2,736.89,West,1473.78,2025,10,Saturday,Big
759,2025-08-24 15:31:44,101,Screen,5,445.09,West,2225.45,2025,8,Sunday,Big
760,2025-10-12 11:02:58,130,Mouse,4,1232.99,East,4931.96,2025,10,Sunday,Big
761,2025-11-06 01:29:56,175,Screen,6,377.99,West,2267.94,2025,11,Thursday,Big
762,2025-10-06 12:05:50,118,Laptop,2,582.39,North,1164.78,2025,10,Monday,Big
763,2025-09-19 05:34:30,37,Screen,3,1347.35,West,4042.0499999999997,2025,9,Friday,Big
764,2025-10-28 16:44:56,27,Keyboard,1,649.57,West,649.57,2025,10,Tuesday,Big
765,2025-11-05 01:09:45,31,Screen,1,278.41,East,278.41,2025,11,Wednesday,Medium
766,2025-09-06 22:36:44,40,Mouse,3,1043.14,North,3129.42,2025,9,Saturday,Big
767,2025-09-25 19:51:48,77,Webcam,4,598.63,South,2394.52,2025,9,Thursday,Big
768,2025-10-18 20:31:00,173,Screen,4,80.66,East,322.64,2025,10,Saturday,Medium
769,2025-09-06 18:15:28,172,Screen,4,153.92,West,615.68,2025,9,Saturday,Big
770,2025-10-01 10:58:51,178,Mouse,5,738.27,South,3691.35,2025,10,Wednesday,Big
771,2025-09-21 10:41:45,127,Laptop,3,589.91,West,1769.73,2025,9,Sunday,Big
772,2025-09-08 22:41:20,105,Mouse,5,210.23,West,1051.1499999999999,2025,9,Monday,Big
773,2025-09-10 11:06:01,82,Webcam,4,1366.16,South,5464.64,2025,9,Wednesday,Big
774,2025-08-23 15:42:24,122,Laptop,5,1287.38,South,6436.900000000001,2025,8,Saturday,Big
775,2025-09-09 18:28:24,19,Webcam,1,457.19,West,457.19,2025,9,Tuesday,Medium
776,2025-10-26 06:09:46,21,Mouse,3,1296.7,South,3890.1000000000004,2025,10,Sunday,Big
777,2025-10-01 20:11:06,169,Webcam,6,1107.03,North,6642.18,2025,10,Wednesday,Big
778,2025-11-13 10:10:24,14,Laptop,4,160.18,West,640.72,2025,11,Thursday,Big
779,2025-10-21 04:32:13,51,Screen,5,1569.59,West,7847.95,2025,10,Tuesday,Big
780,2025-09-16 21:03:19,33,Webcam,6,765.29,South,4591.74,2025,9,Tuesday,Big
781,2025-10-28 02:02:14,105,Laptop,2,1170.8,East,2341.6,2025,10,Tuesday,Big
782,2025-10-31 18:47:45,129,Laptop,4,81.73,West,326.92,2025,10,Friday,Medium
783,2025-10-16 09:20:14,58,Mouse,1,463.53,West,463.53,2025,10,Thursday,Medium
784,2025-08-16 08:01:31,60,Webcam,2,1458.31,South,2916.62,2025,8,Saturday,Big
785,2025-08-19 01:35:45,34,Laptop,6,531.87,East,3191.2200000000003,2025,8,Tuesday,Big
786,2025-10-18 19:28:50,178,Webcam,3,666.78,East,2000.34,2025,10,Saturday,Big
787,2025-11-04 18:37:51,11,Screen,1,1523.6,North,1523.6,2025,11,Tuesday,Big
788,2025-09-06 02:18:31,77,Laptop,5,353.76,East,1768.8,2025,9,Saturday,Big
789,2025-10-20 05:17:04,56,Laptop,4,425.76,North,1703.04,2025,10,Monday,Big
790,2025-09-29 01:05:54,61,Webcam,1,763.1,South,763.1,2025,9,Monday,Big
791,2025-08-24 14:54:35,174,Screen,1,1157.67,East,1157.67,2025,8,Sunday,Big
792,2025-10-28 06:56:07,71,Laptop,1,1252.21,North,1252.21,2025,10,Tuesday,Big
793,2025-09-23 23:09:36,11,Screen,1,235.47,South,235.47,2025,9,Tuesday,Medium
794,2025-11-09 20:21:22,154,Screen,3,1044.06,South,3132.18,2025,11,Sunday,Big
795,2025-09-27 13:27:57,152,Screen,5,440.27,South,2201.35,2025,9,Saturday,Big
796,2025-09-05 08:53:54,63,Webcam,3,1585.83,West,4757.49,2025,9,Friday,Big
797,2025-08-28 19:08:21,91,Laptop,1,183.09,West,183.09,2025,8,Thursday,Medium
798,2025-08-17 03:15:57,72,Screen,5,64.94,North,324.7,2025,8,Sunday,Medium
799,2025-09-26 23:21:16,167,Webcam,3,496.83,North,1490.49,2025,9,Friday,Big
800,2025-09-17 13:57:01,198,Laptop,3,104.74,West,314.21999999999997,2025,9,Wednesday,Medium
801,2025-11-05 10:46:27,178,Laptop,3,1308.42,North,3925.26,2025,11,Wednesday,Big
802,2025-08-18 00:24:51,200,Keyboard,2,647.06,North,1294.12,2025,8,Monday,Big
803,2025-11-05 15:27:44,49,Screen,3,871.93,East,2615.79,2025,11,Wednesday,Big
804,2025-11-09 15:56:22,192,Keyboard,4,1310.5,West,5242.0,2025,11,Sunday,Big
805,2025-10-21 01:56:19,134,Keyboard,3,145.16,South,435.48,2025,10,Tuesday,Medium
806,2025-08-29 01:11:45,56,Screen,2,148.5,West,297.0,2025,8,Friday,Medium
807,2025-11-01 01:38:58,103,Keyboard,2,474.6,West,949.2,2025,11,Saturday,Big
808,2025-11-01 21:19:17,22,Webcam,1,1201.9,South,1201.9,2025,11,Saturday,Big
809,2025-09-19 20:16:05,115,Webcam,6,1127.04,South,6762.24,2025,9,Friday,Big
810,2025-11-04 16:49:44,6,Webcam,2,214.72,East,429.44,2025,11,Tuesday,Medium
811,2025-09-28 22:50:21,69,Laptop,3,925.76,North,2777.2799999999997,2025,9,Sunday,Big
812,2025-08-31 05:50:34,159,Keyboard,6,1474.95,East,8849.7,2025,8,Sunday,Big
813,2025-10-03 10:21:33,136,Keyboard,6,1325.32,North,7951.92,2025,10,Friday,Big
814,2025-09-12 17:51:07,77,Mouse,1,948.76,West,948.76,2025,9,Friday,Big
815,2025-11-02 16:34:59,18,Webcam,2,170.11,North,340.22,2025,11,Sunday,Medium
816,2025-09-05 00:56:40,9,Keyboard,6,1564.91,East,9389.460000000001,2025,9,Friday,Big
817,2025-08-28 17:08:04,71,Laptop,2,1342.41,West,2684.82,2025,8,Thursday,Big
818,2025-10-23 11:38:00,149,Mouse,1,55.4,South,55.4,2025,10,Thursday,Small
819,2025-08-26 22:10:09,51,Webcam,4,453.79,North,1815.16,2025,8,Tuesday,Big
820,2025-10-30 06:33:14,69,Mouse,3,865.84,East,2597.52,2025,10,Thursday,Big
821,2025-08-22 01:33:18,65,Keyboard,5,329.3,South,1646.5,2025,8,Friday,Big
822,2025-09-18 23:53:21,80,Keyboard,1,1237.86,South,1237.86,2025,9,Thursday,Big
823,2025-09-17 20:12:22,120,Screen,4,564.45,East,2257.8,2025,9,Wednesday,Big
824,2025-11-03 08:42:11,145,Webcam,5,340.34,East,1701.6999999999998,2025,11,Monday,Big
825,2025-10-15 06:38:28,9,Mouse,3,619.15,South,1857.4499999999998,2025,10,Wednesday,Big
826,2025-11-08 06:26:22,59,Mouse,4,973.12,South,3892.48,2025,11,Saturday,Big
827,2025-08-27 19:44:46,47,Keyboard,1,28.81,East,28.81,2025,8,Wednesday,Small
828,2025-10-13 23:00:31,56,Webcam,2,859.87,East,1719.74,2025,10,Monday,Big
829,2025-10-19 09:47:04,1,Mouse,4,1084.61,East,4338.44,2025,10,Sunday,Big
830,2025-10-31 23:35:46,23,Screen,5,1429.77,North,7148.85,2025,10,Friday,Big
831,2025-10-23 02:52:07,146,Webcam,6,1432.36,North,8594.16,2025,10,Thursday,Big
832,2025-11-04 20:30:04,53,Laptop,5,963.3,East,4816.5,2025,11,Tuesday,Big
833,2025-10-24 09:20:30,174,Keyboard,1,20.91,North,20.91,2025,10,Friday,Small
834,2025-09-13 14:46:30,176,Mouse,3,170.69,South,512.0699999999999,2025,9,Saturday,Big
835,2025-10-07 18:57:09,191,Screen,5,965.61,West,4828.05,2025,10,Tuesday,Big
836,2025-10-24 23:06:07,112,Mouse,2,254.7,North,509.4,2025,10,Friday,Big
837,2025-08-21 20:51:58,94,Webcam,2,878.32,West,1756.64,2025,8,Thursday,Big
838,2025-08-29 13:25:53,79,Keyboard,4,1009.47,North,4037.88,2025,8,Friday,Big
839,2025-10-08 02:35:54,152,Mouse,2,151.96,East,303.92,2025,10,Wednesday,Medium
840,2025-10-26 13:33:15,31,Laptop,5,502.95,North,2514.75,2025,10,Sunday,Big
841,2025-08-21 18:22:30,121,Screen,5,874.0,South,4370.0,2025,8,Thursday,Big
842,2025-10-23 16:48:42,200,Webcam,3,632.61,North,1897.83,2025,10,Thursday,Big
843,2025-10-24 14:40:04,175,Webcam,5,445.69,West,2228.45,2025,10,Friday,Big
844,2025-09-20 17:36:39,198,Mouse,5,1325.4,South,6627.0,2025,9,Saturday,Big
845,2025-09-06 03:34:12,121,Mouse,4,763.83,South,3055.32,2025,9,Saturday,Big
846,2025-08-17 21:28:25,94,Keyboard,6,873.56,North,5241.36,2025,8,Sunday,Big
847,2025-10-08 14:38:46,9,Screen,1,1365.47,West,1365.47,2025,10,Wednesday,Big
848,2025-10-19 01:16:56,78,Keyboard,3,1550.86,South,4652.58,2025,10,Sunday,Big
849,2025-11-08 07:24:33,105,Mouse,5,1113.02,East,5565.1,2025,11,Saturday,Big
850,2025-10-22 23:53:11,108,Screen,1,812.59,West,812.59,2025,10,Wednesday,Big
851,2025-09-24 04:59:22,88,Laptop,1,774.24,North,774.24,2025,9,Wednesday,Big
852,2025-11-13 06:51:26,194,Mouse,4,1017.72,North,4070.88,2025,11,Thursday,Big
853,2025-08-16 11:28:24,100,Screen,3,1423.87,East,4271.61,2025,8,Saturday,Big
854,2025-09-29 06:44:41,156,Webcam,2,271.49,East,542.98,2025,9,Monday,Big
855,2025-09-07 18:15:57,53,Laptop,6,718.24,South,4309.4400000000005,2025,9,Sunday,Big
856,2025-11-08 08:54:56,163,Keyboard,2,970.22,South,1940.44,2025,11,Saturday,Big
857,2025-09-05 04:04:18,58,Screen,4,422.4,West,1689.6,2025,9,Friday,Big
858,2025-09-04 23:36:32,155,Webcam,4,707.81,South,2831.24,2025,9,Thursday,Big
859,2025-11-13 11:54:12,15,Laptop,1,1338.37,North,1338.37,2025,11,Thursday,Big
860,2025-11-04 18:35:06,33,Laptop,2,998.94,West,1997.88,2025,11,Tuesday,Big
861,2025-11-04 21:25:16,56,Laptop,3,1300.71,South,3902.13,2025,11,Tuesday,Big
862,2025-09-01 07:40:10,130,Keyboard,4,320.56,West,1282.24,2025,9,Monday,Big
863,2025-10-24 02:17:18,197,Webcam,5,1062.73,West,5313.65,2025,10,Friday,Big
864,2025-11-01 14:25:17,154,Screen,5,1029.55,East,5147.75,2025,11,Saturday,Big
865,2025-09-26 07:45:03,37,Keyboard,3,762.2,West,2286.6000000000004,2025,9,Friday,Big
866,2025-09-10 02:10:31,156,Mouse,3,302.13,South,906.39,2025,9,Wednesday,Big
867,2025-10-11 18:45:21,15,Screen,5,1534.72,North,7673.6,2025,10,Saturday,Big
868,2025-08-24 08:18:30,126,Webcam,2,932.57,North,1865.14,2025,8,Sunday,Big
869,2025-10-31 20:42:15,33,Mouse,5,336.73,West,1683.65,2025,10,Friday,Big
870,2025-10-09 02:37:35,110,Keyboard,2,159.09,East,318.18,2025,10,Thursday,Medium
871,2025-09-24 14:54:21,196,Keyboard,2,736.04,North,1472.08,2025,9,Wednesday,Big
872,2025-09-23 06:32:50,153,Mouse,1,1190.32,North,1190.32,2025,9,Tuesday,Big
873,2025-09-09 12:34:31,157,Mouse,1,111.35,North,111.35,2025,9,Tuesday,Medium
874,2025-08-26 05:44:08,59,Mouse,3,1413.17,East,4239.51,2025,8,Tuesday,Big
875,2025-08-24 21:17:55,175,Webcam,1,980.82,East,980.82,2025,8,Sunday,Big
876,2025-08-20 12:10:51,76,Screen,4,955.65,South,3822.6,2025,8,Wednesday,Big
877,2025-08-22 22:53:51,92,Laptop,3,972.17,North,2916.5099999999998,2025,8,Friday,Big
878,2025-10-22 01:10:16,41,Screen,3,764.93,North,2294.79,2025,10,Wednesday,Big
879,2025-08-21 13:22:45,43,Laptop,2,49.65,East,99.3,2025,8,Thursday,Small
880,2025-10-16 19:40:21,154,Screen,1,586.41,South,586.41,2025,10,Thursday,Big
881,2025-09-30 12:55:18,83,Mouse,5,1391.28,East,6956.4,2025,9,Tuesday,Big
882,2025-11-01 13:58:57,189,Mouse,6,1421.7,South,8530.2,2025,11,Saturday,Big
883,2025-08-20 21:53:51,136,Screen,2,460.41,North,920.82,2025,8,Wednesday,Big
884,2025-08-30 15:32:11,68,Screen,5,1296.47,East,6482.35,2025,8,Saturday,Big
885,2025-10-30 00:44:20,34,Laptop,5,1495.77,East,7478.85,2025,10,Thursday,Big
886,2025-10-20 11:32:02,9,Laptop,5,854.62,North,4273.1,2025,10,Monday,Big
887,2025-09-25 01:51:56,107,Mouse,2,1070.78,East,2141.56,2025,9,Thursday,Big
888,2025-09-19 14:52:12,119,Screen,3,1464.85,West,4394.549999999999,2025,9,Friday,Big
889,2025-10-23 17:15:17,119,Screen,4,1540.99,East,6163.96,2025,10,Thursday,Big
890,2025-10-27 11:48:23,164,Webcam,2,635.97,North,1271.94,2025,10,Monday,Big
891,2025-10-03 01:39:32,29,Keyboard,5,647.77,North,3238.85,2025,10,Friday,Big
892,2025-08-25 05:42:36,89,Mouse,3,120.14,West,360.42,2025,8,Monday,Medium
893,2025-09-23 01:45:51,101,Laptop,4,1275.68,North,5102.72,2025,9,Tuesday,Big
894,2025-08-30 17:24:37,30,Keyboard,1,1580.84,South,1580.84,2025,8,Saturday,Big
895,2025-09-19 03:06:51,21,Mouse,4,890.76,South,3563.04,2025,9,Friday,Big
896,2025-09-30 17:52:47,102,Keyboard,3,49.3,West,147.89999999999998,2025,9,Tuesday,Medium
897,2025-09-12 12:20:32,16,Screen,3,195.34,West,586.02,2025,9,Friday,Big
898,2025-10-12 15:01:46,40,Laptop,1,1196.43,South,1196.43,2025,10,Sunday,Big
899,2025-10-13 16:14:44,50,Webcam,2,1241.92,West,2483.84,2025,10,Monday,Big
900,2025-10-25 14:26:50,122,Laptop,3,1450.42,South,4351.26,2025,10,Saturday,Big
901,2025-11-02 10:39:17,140,Screen,3,1028.05,North,3084.1499999999996,2025,11,Sunday,Big
902,2025-08-19 01:59:56,38,Mouse,4,282.46,North,1129.84,2025,8,Tuesday,Big
903,2025-11-02 17:11:06,36,Laptop,2,1119.76,West,2239.52,2025,11,Sunday,Big
904,2025-10-24 13:02:21,21,Laptop,5,957.88,West,4789.4,2025,10,Friday,Big
905,2025-10-23 12:45:42,163,Keyboard,1,403.21,West,403.21,2025,10,Thursday,Medium
906,2025-11-09 09:05:25,186,Webcam,3,724.32,East,2172.96,2025,11,Sunday,Big
907,2025-08-21 11:02:40,55,Mouse,5,851.67,East,4258.349999999999,2025,8,Thursday,Big
908,2025-10-13 19:32:42,98,Keyboard,3,1346.35,North,4039.0499999999997,2025,10,Monday,Big
909,2025-11-09 02:41:01,185,Laptop,4,624.16,South,2496.64,2025,11,Sunday,Big
910,2025-09-17 02:18:37,121,Laptop,2,133.92,North,267.84,2025,9,Wednesday,Medium
911,2025-10-20 11:46:47,26,Webcam,3,743.25,North,2229.75,2025,10,Monday,Big
912,2025-08-21 17:00:23,162,Screen,2,786.77,West,1573.54,2025,8,Thursday,Big
913,2025-09-28 08:59:47,76,Keyboard,5,1567.93,East,7839.650000000001,2025,9,Sunday,Big
914,2025-10-18 04:06:33,48,Keyboard,1,561.93,East,561.93,2025,10,Saturday,Big
915,2025-09-25 14:15:34,191,Webcam,3,157.97,West,473.90999999999997,2025,9,Thursday,Medium
916,2025-08-24 12:44:18,128,Mouse,6,331.4,West,1988.3999999999999,2025,8,Sunday,Big
917,2025-08-29 22:03:50,100,Mouse,3,820.44,East,2461.32,2025,8,Friday,Big
918,2025-11-06 10:45:40,56,Webcam,3,1571.2,West,4713.6,2025,11,Thursday,Big
919,2025-11-13 04:28:07,28,Keyboard,1,883.81,East,883.81,2025,11,Thursday,Big
920,2025-10-26 09:22:07,197,Keyboard,6,1185.05,West,7110.299999999999,2025,10,Sunday,Big
921,2025-11-09 04:03:20,159,Screen,2,1481.04,East,2962.08,2025,11,Sunday,Big
922,2025-11-05 09:47:35,95,Keyboard,1,1348.06,East,1348.06,2025,11,Wednesday,Big
923,2025-09-28 19:39:21,77,Laptop,4,88.43,South,353.72,2025,9,Sunday,Medium
924,2025-09-05 23:18:28,173,Laptop,1,1453.06,East,1453.06,2025,9,Friday,Big
925,2025-10-22 04:05:57,31,Keyboard,4,43.13,East,172.52,2025,10,Wednesday,Medium
926,2025-09-24 23:02:23,181,Mouse,4,677.41,North,2709.64,2025,9,Wednesday,Big
927,2025-11-13 01:23:20,69,Webcam,5,813.13,North,4065.65,2025,11,Thursday,Big
928,2025-08-16 18:13:10,71,Keyboard,5,410.64,West,2053.2,2025,8,Saturday,Big
929,2025-09-17 23:58:24,90,Keyboard,1,756.87,North,756.87,2025,9,Wednesday,Big
930,2025-09-27 17:04:20,41,Keyboard,5,327.94,West,1639.7,2025,9,Saturday,Big
931,2025-11-09 11:55:53,75,Laptop,3,1523.96,North,4571.88,2025,11,Sunday,Big
932,2025-09-01 17:40:24,38,Screen,4,1566.13,West,6264.52,2025,9,Monday,Big
933,2025-09-29 01:29:08,20,Screen,1,281.63,East,281.63,2025,9,Monday,Medium
934,2025-08-21 19:17:10,76,Mouse,6,486.54,South,2919.2400000000002,2025,8,Thursday,Big
935,2025-11-04 17:56:36,134,Laptop,4,223.42,West,893.68,2025,11,Tuesday,Big
936,2025-09-25 09:55:43,176,Keyboard,4,925.07,East,3700.28,2025,9,Thursday,Big
937,2025-09-09 12:31:04,68,Laptop,1,483.19,West,483.19,2025,9,Tuesday,Medium
938,2025-09-03 18:29:29,132,Screen,4,697.36,North,2789.44,2025,9,Wednesday,Big
939,2025-08-29 05:41:02,124,Screen,4,878.31,South,3513.24,2025,8,Friday,Big
940,2025-10-18 04:50:17,195,Mouse,5,1384.94,North,6924.700000000001,2025,10,Saturday,Big
941,2025-08-20 10:46:01,11,Keyboard,5,540.17,South,2700.85,2025,8,Wednesday,Big
942,2025-10-21 07:44:57,93,Laptop,3,322.28,West,966.8399999999999,2025,10,Tuesday,Big
943,2025-09-01 21:11:07,189,Webcam,3,224.53,East,673.59,2025,9,Monday,Big
944,2025-10-31 20:49:59,161,Screen,5,1175.72,North,5878.6,2025,10,Friday,Big
945,2025-10-26 20:56:11,94,Screen,3,159.03,West,477.09000000000003,2025,10,Sunday,Medium
946,2025-10-31 18:24:55,175,Mouse,5,1356.18,West,6780.900000000001,2025,10,Friday,Big
947,2025-09-10 20:26:31,194,Webcam,4,910.85,West,3643.4,2025,9,Wednesday,Big
948,2025-08-18 03:24:27,159,Mouse,6,820.13,West,4920.78,2025,8,Monday,Big
949,2025-10-09 20:56:14,183,Keyboard,6,348.81,West,2092.86,2025,10,Thursday,Big
950,2025-09-03 13:25:26,175,Laptop,5,1300.03,South,6500.15,2025,9,Wednesday,Big
951,2025-10-03 11:49:20,101,Mouse,1,1496.95,East,1496.95,2025,10,Friday,Big
952,2025-09-25 07:24:21,55,Keyboard,3,128.56,West,385.68,2025,9,Thursday,Medium
953,2025-10-02 06:28:23,8,Keyboard,1,486.78,South,486.78,2025,10,Thursday,Medium
954,2025-10-27 23:56:11,71,Laptop,2,970.33,North,1940.66,2025,10,Monday,Big
955,2025-08-15 19:29:47,17,Keyboard,1,1349.05,South,1349.05,2025,8,Friday,Big
956,2025-10-04 01:42:15,97,Webcam,1,418.66,South,418.66,2025,10,Saturday,Medium
957,2025-09-02 09:23:03,68,Webcam,6,282.13,East,1692.78,2025,9,Tuesday,Big
958,2025-10-19 22:14:54,180,Mouse,3,694.04,West,2082.12,2025,10,Sunday,Big
959,2025-09-05 07:00:37,51,Screen,3,621.8,South,1865.3999999999999,2025,9,Friday,Big
960,2025-10-22 11:01:52,137,Mouse,6,1291.34,West,7748.039999999999,2025,10,Wednesday,Big
961,2025-10-02 14:51:59,9,Keyboard,6,302.61,East,1815.66,2025,10,Thursday,Big
962,2025-08-17 03:59:52,156,Mouse,3,324.45,North,973.3499999999999,2025,8,Sunday,Big
963,2025-09-20 02:43:36,76,Screen,1,478.86,North,478.86,2025,9,Saturday,Medium
964,2025-11-11 16:16:27,83,Keyboard,2,1247.16,East,2494.32,2025,11,Tuesday,Big
965,2025-09-28 05:48:36,173,Keyboard,3,132.52,South,397.56000000000006,2025,9,Sunday,Medium
966,2025-09-05 14:16:51,138,Laptop,2,1501.69,North,3003.38,2025,9,Friday,Big
967,2025-08-25 12:32:03,183,Keyboard,4,612.1,East,2448.4,2025,8,Monday,Big
968,2025-09-23 15:16:22,198,Mouse,6,481.12,West,2886.7200000000003,2025,9,Tuesday,Big
969,2025-09-05 23:58:36,184,Laptop,6,789.16,South,4734.96,2025,9,Friday,Big
970,2025-10-19 23:41:19,141,Keyboard,1,1079.12,East,1079.12,2025,10,Sunday,Big
971,2025-08-30 17:42:45,79,Mouse,5,1146.19,West,5730.950000000001,2025,8,Saturday,Big
972,2025-09-24 15:41:04,171,Mouse,3,669.94,East,2009.8200000000002,2025,9,Wednesday,Big
973,2025-08-26 14:54:40,84,Mouse,3,749.34,North,2248.02,2025,8,Tuesday,Big
974,2025-09-06 09:38:54,44,Mouse,2,329.27,North,658.54,2025,9,Saturday,Big
975,2025-10-24 05:21:18,119,Mouse,3,1088.11,North,3264.33,2025,10,Friday,Big
976,2025-11-01 20:15:24,66,Screen,5,218.27,West,1091.3500000000001,2025,11,Saturday,Big
977,2025-09-04 07:51:17,28,Webcam,5,1507.59,West,7537.95,2025,9,Thursday,Big
978,2025-08-30 19:25:04,154,Keyboard,5,1314.8,East,6574.0,2025,8,Saturday,Big
979,2025-10-27 16:29:14,179,Screen,5,651.47,North,3257.3500000000004,2025,10,Monday,Big
980,2025-09-22 19:47:07,114,Screen,3,855.72,North,2567.16,2025,9,Monday,Big
981,2025-09-16 11:55:13,56,Mouse,2,993.71,West,1987.42,2025,9,Tuesday,Big
982,2025-09-01 21:57:17,129,Mouse,2,404.11,South,808.22,2025,9,Monday,Big
983,2025-11-09 00:01:46,133,Screen,3,855.84,West,2567.52,2025,11,Sunday,Big
984,2025-10-09 08:39:43,131,Mouse,5,321.78,West,1608.8999999999999,2025,10,Thursday,Big
985,2025-09-14 08:39:45,16,Webcam,2,249.19,South,498.38,2025,9,Sunday,Medium
986,2025-09-15 05:05:34,32,Keyboard,4,820.86,South,3283.44,2025,9,Monday,Big
987,2025-10-25 23:30:06,110,Laptop,2,305.17,North,610.34,2025,10,Saturday,Big
988,2025-09-28 02:02:43,18,Keyboard,2,492.26,West,984.52,2025,9,Sunday,Big
989,2025-09-29 06:05:03,39,Screen,6,272.42,East,1634.52,2025,9,Monday,Big
990,2025-10-13 02:28:32,49,Laptop,4,1331.55,South,5326.2,2025,10,Monday,Big
991,2025-09-27 09:20:23,178,Mouse,5,872.03,North,4360.15,2025,9,Saturday,Big
992,2025-10-25 18:19:47,189,Webcam,5,929.65,West,4648.25,2025,10,Saturday,Big
993,2025-11-09 15:37:01,28,Mouse,5,973.21,South,4866.05,2025,11,Sunday,Big
994,2025-10-04 12:59:46,14,Laptop,4,926.14,South,3704.56,2025,10,Saturday,Big
995,2025-09-24 08:29:36,159,Mouse,6,43.9,West,263.4,2025,9,Wednesday,Medium
996,2025-09-29 11:59:51,174,Keyboard,4,1464.56,North,5858.24,2025,9,Monday,Big
997,2025-09-07 09:02:50,89,Webcam,4,737.2,West,2948.8,2025,9,Sunday,Big
998,2025-11-03 20:25:20,11,Webcam,4,881.78,West,3527.12,2025,11,Monday,Big
999,2025-11-02 01:49:21,116,Keyboard,4,587.73,West,2350.92,2025,11,Sunday,Big
1000,2025-10-28 04:16:18,62,Laptop,4,1522.67,East,6090.68,2025,10,Tuesday,Big
